id,severity,description,repository,source,opened_at,closed_at,html_url,line_number,filepath,pattern_internal_id,image_name,image_tag,dependencies_chains
ee093724-8d5e-4373-bb3f-ea1b5b2f4a80,Critical,The application was found using an insecure or risky digest or signature algorithm.,now,Codacy,2026-03-25T10:34:52.617Z,,https://app.codacy.com/p/831813/issues/index?resultDataId=131451573134,16,simplex/abacusian/ai_development/processing_systems/external_submission_pipeline/duplicate_detector.py,Semgrep_python_crypto_rule-hash-md5,,,
48449f32-27d8-4812-8901-9cd9d9a9e872,Critical,The application was found using an insecure or risky digest or signature algorithm.,now,Codacy,2026-05-07T04:43:28.934Z,,https://app.codacy.com/p/831813/issues/index?resultDataId=131485704732,51,tools/miners/audit.py,Semgrep_python_crypto_rule-hash-md5,,,
0d2a78a2-d547-4d21-b9ab-2a22a5ba1088,Critical,Using variable interpolation `${{...}}` with `github` context data in a `run:` step could allow an attacker to inject their own code into the runner.,now,Codacy,2026-05-07T04:43:28.934Z,,https://app.codacy.com/p/831813/issues/index?resultDataId=131485704734,41,.github/workflows/message-intake.yml,Semgrep_yaml.github-actions.security.run-shell-injection.run-shell-injection,,,
1b9d4385-72d7-4ccf-b8a0-551e51267973,Critical,Does not check for buffer overflows when copying to destination (CWE-120).  Make sure destination can always hold the source data. ,termux-app,Codacy,2026-03-08T10:29:23.278Z,,https://app.codacy.com/p/831811/issues/index?resultDataId=131451573030,288,termux-shared/src/main/cpp/local-socket.cpp,flawfinder_memcpy,,,
153a487a-24e6-4f3b-89a1-1ae86f87ac4d,Critical,"Does not check for buffer overflows (CWE-120).  Use sprintf_s, snprintf, or vsnprintf. Risk is low because the source has a constant maximum length.",termux-app,Codacy,2026-03-08T10:29:23.278Z,,https://app.codacy.com/p/831811/issues/index?resultDataId=131451573029,85,termux-shared/src/main/cpp/local-socket.cpp,flawfinder_sprintf,,,
7a7721f1-edf7-4160-a157-e42c99a53955,Critical,The `memcpy` family of functions require the developer to validate that the destination buffer is the same size or larger than the source buffer.,termux-app,Codacy,2026-03-08T10:29:23.278Z,,https://app.codacy.com/p/831811/issues/index?resultDataId=131451573041,288,termux-shared/src/main/cpp/local-socket.cpp,Semgrep_c_buffer_rule-memcpy-CopyMemory,,,
6abeccc7-572d-4599-8ac1-9c4f5cd3bd2b,Critical,Data is being piped into `bash` from a `curl` command.,hodie,Codacy,2026-03-08T10:28:39.649Z,,https://app.codacy.com/p/831809/issues/index?resultDataId=131451572868,334,.scripts/dev_auth_setup.sh,Semgrep_bash.curl.security.curl-pipe-bash.curl-pipe-bash,,,
3ac20e2e-1232-4ee9-80d6-c4a5afa75de6,Critical,The application was found using an insecure or risky digest or signature algorithm.,hodie,Codacy,2026-03-08T10:28:39.649Z,,https://app.codacy.com/p/831809/issues/index?resultDataId=131451572939,42,redundancy_entity/redundancy_entity_analyzer.py,Semgrep_python_crypto_rule-hash-md5,,,
bdd8be3b-5ccc-4eb3-93a7-984701c14646,Critical,"Check buffer boundaries if used in a loop including recursive loops (CWE-120, CWE-20).  ",termux-app,Codacy,2026-03-08T10:29:23.278Z,,https://app.codacy.com/p/831811/issues/index?resultDataId=131451573027,390,termux-shared/src/main/cpp/local-socket.cpp,flawfinder_read,,,
ff9bda57-8575-4e7f-99f8-2e555c9a62b2,Critical,Hardcoded passwords are a security risk.,termux-app,Codacy,2026-03-08T10:29:23.278Z,,https://app.codacy.com/p/831811/issues/index?resultDataId=131451574217,43,termux-shared/src/main/java/com/termux/shared/shell/command/environment/UnixShellEnvironment.java,Semgrep_codacy.java.security.hard-coded-password,,,
2c7df15a-38fd-438c-b91f-b40570b6fb0c,Critical,Data is being piped into `bash` from a `curl` command.,mandelbrot,Codacy,2026-03-08T10:29:43.970Z,,https://app.codacy.com/p/831812/issues/index?resultDataId=131451573116,32,tools/fix_nodejs.sh,Semgrep_bash.curl.security.curl-pipe-bash.curl-pipe-bash,,,
67cd2cbe-5e65-4ea5-ba8a-f127a492ffa6,Critical,The application was found calling the `eval` function with non-literal data.,runexusiam,Codacy,2026-03-08T11:00:04.290Z,,https://app.codacy.com/p/831814/issues/index?resultDataId=131451654046,1020,venv/lib/python3.12/site-packages/dill/_dill.py,Semgrep_python_eval_rule-eval,,,
007a5e07-ba8d-40ab-b033-1228289f5a97,Critical,Use of eval,runexusiam,Codacy,2026-03-08T11:00:04.290Z,,https://app.codacy.com/p/831814/issues/index?resultDataId=131451583253,110,src/ethics-pyramid/venv/lib/python3.12/site-packages/pandas/tests/scalar/timestamp/test_formats.py,PyLintPython3_W0123,,,
31b47e00-7ebb-444c-9cf4-63077463262d,Critical,Use of eval,runexusiam,Codacy,2026-03-08T11:00:04.290Z,,https://app.codacy.com/p/831814/issues/index?resultDataId=131451679230,64,src/ethics-pyramid/venv/lib/python3.12/site-packages/pandas/tests/indexes/multi/test_formats.py,PyLintPython3_W0123,,,
1668836a-cda7-491a-b194-5cbffad108ed,Critical,Detected the use of exec(). exec() can be dangerous if used to evaluate dynamic content.,runexusiam,Codacy,2026-03-08T11:00:04.290Z,,https://app.codacy.com/p/831814/issues/index?resultDataId=131451617558,1743,venv/lib/python3.12/site-packages/pkg_resources/__init__.py,Semgrep_python.lang.security.audit.exec-detected.exec-detected,,,
c6ca1d4c-85ff-45bf-a3e4-284269fa84dc,Critical,The application was found calling the `exec` function with a non-literal variable.,runexusiam,Codacy,2026-03-08T11:00:04.290Z,,https://app.codacy.com/p/831814/issues/index?resultDataId=131451617554,1754,venv/lib/python3.12/site-packages/pkg_resources/__init__.py,Semgrep_python_exec_rule-exec-used,,,
df07ba3c-60c7-4736-aa44-62c2631b6b7c,Critical,Found non static data as an index to 'globals()'. This is extremely dangerous because it allows an attacker to execute arbitrary code on the system.,runexusiam,Codacy,2026-03-08T11:00:04.290Z,,https://app.codacy.com/p/831814/issues/index?resultDataId=131451617552,167,venv/lib/python3.12/site-packages/pkg_resources/__init__.py,Semgrep_python.lang.security.dangerous-globals-use.dangerous-globals-use,,,
97ec1351-0ba1-4704-97f2-39b75d5b1067,Critical,Detected the use of exec(). exec() can be dangerous if used to evaluate dynamic content.,runexusiam,Codacy,2026-03-08T11:00:04.290Z,,https://app.codacy.com/p/831814/issues/index?resultDataId=131451617547,1754,venv/lib/python3.12/site-packages/pkg_resources/__init__.py,Semgrep_python.lang.security.audit.exec-detected.exec-detected,,,
a7c339ad-607e-46f4-8aae-0780b1c54c27,Critical,The application was found calling the `exec` function with a non-literal variable.,runexusiam,Codacy,2026-03-08T11:00:04.290Z,,https://app.codacy.com/p/831814/issues/index?resultDataId=131451617542,1743,venv/lib/python3.12/site-packages/pkg_resources/__init__.py,Semgrep_python_exec_rule-exec-used,,,
27a53776-f636-452e-a1c1-6ce7768db661,Critical,Untrusted user input in `importlib.import_module()` function allows an attacker to load arbitrary code.,runexusiam,Codacy,2026-03-08T11:00:04.290Z,,https://app.codacy.com/p/831814/issues/index?resultDataId=131451617541,2503,venv/lib/python3.12/site-packages/pkg_resources/__init__.py,Semgrep_python.lang.security.audit.non-literal-import.non-literal-import,,,
ff2bb842-43ec-486a-a7f5-024a063fadac,Critical,Found non static data as an index to 'globals()'. This is extremely dangerous because it allows an attacker to execute arbitrary code on the system.,runexusiam,Codacy,2026-03-08T11:00:04.290Z,,https://app.codacy.com/p/831814/issues/index?resultDataId=131451617548,160,venv/lib/python3.12/site-packages/pkg_resources/__init__.py,Semgrep_python.lang.security.dangerous-globals-use.dangerous-globals-use,,,
68731ea9-ea3e-4eb4-8ace-82b959a1fa48,Critical,Use of eval,runexusiam,Codacy,2026-03-08T11:00:04.290Z,,https://app.codacy.com/p/831814/issues/index?resultDataId=131451671543,43,src/ethics-pyramid/venv/lib/python3.12/site-packages/pandas/tests/indexes/numeric/test_numeric.py,PyLintPython3_W0123,,,
22eeb199-2630-4c1d-8c9f-9a9cae86cd37,Critical,Untrusted user input in `importlib.import_module()` function allows an attacker to load arbitrary code.,runexusiam,Codacy,2026-03-08T11:00:04.290Z,,https://app.codacy.com/p/831814/issues/index?resultDataId=131451645563,69,venv/lib/python3.12/site-packages/scipy/_lib/deprecation.py,Semgrep_python.lang.security.audit.non-literal-import.non-literal-import,,,
fd6dd3d3-1131-450e-ad91-eae9c846e9ef,Critical,Untrusted user input in `importlib.import_module()` function allows an attacker to load arbitrary code.,runexusiam,Codacy,2026-03-08T11:00:04.290Z,,https://app.codacy.com/p/831814/issues/index?resultDataId=131451645562,48,venv/lib/python3.12/site-packages/scipy/_lib/deprecation.py,Semgrep_python.lang.security.audit.non-literal-import.non-literal-import,,,
d3f46def-3bb8-43a8-81f2-9e45e1e07578,Critical,The application was found calling the `exec` function with a non-literal variable.,runexusiam,Codacy,2026-03-08T11:00:04.290Z,,https://app.codacy.com/p/831814/issues/index?resultDataId=131451583170,166,venv/lib/python3.12/site-packages/scipy/_lib/decorator.py,Semgrep_python_exec_rule-exec-used,,,
9b6ff771-578d-464f-a6e4-b16265076783,Critical,Untrusted user input in `importlib.import_module()` function allows an attacker to load arbitrary code.,runexusiam,Codacy,2026-03-08T11:00:04.290Z,,https://app.codacy.com/p/831814/issues/index?resultDataId=131451607945,67,venv/lib/python3.12/site-packages/networkx/lazy_imports.py,Semgrep_python.lang.security.audit.non-literal-import.non-literal-import,,,
17b37902-c8d3-453a-b4e7-84384d8cc664,Critical,Untrusted user input in `importlib.import_module()` function allows an attacker to load arbitrary code.,runexusiam,Codacy,2026-03-08T11:00:04.290Z,,https://app.codacy.com/p/831814/issues/index?resultDataId=131451607944,65,venv/lib/python3.12/site-packages/networkx/lazy_imports.py,Semgrep_python.lang.security.audit.non-literal-import.non-literal-import,,,
78b84d33-6c15-4473-92d2-2ab76ab71fb6,Critical,Detected the use of exec(). exec() can be dangerous if used to evaluate dynamic content.,runexusiam,Codacy,2026-03-08T11:00:04.290Z,,https://app.codacy.com/p/831814/issues/index?resultDataId=131451583167,166,venv/lib/python3.12/site-packages/scipy/_lib/decorator.py,Semgrep_python.lang.security.audit.exec-detected.exec-detected,,,
02b59d94-f4df-4e6e-9293-0410a4c07757,Critical,Detected subprocess function 'check_call' without a static string.,runexusiam,Codacy,2026-03-08T11:00:04.290Z,,https://app.codacy.com/p/831814/issues/index?resultDataId=131451641435,239,venv/lib/python3.12/site-packages/pip/_internal/commands/configuration.py,Semgrep_python.lang.security.audit.dangerous-subprocess-use-audit.dangerous-subprocess-use-audit,,,
4cc5eb65-b231-425b-8605-00f9e68c7563,Critical,Detected subprocess function 'check_call' with user controlled data.,runexusiam,Codacy,2026-03-08T11:00:04.290Z,,https://app.codacy.com/p/831814/issues/index?resultDataId=131451641438,239,venv/lib/python3.12/site-packages/pip/_internal/commands/configuration.py,Semgrep_python.lang.security.audit.dangerous-subprocess-use-tainted-env-args.dangerous-subprocess-use-tainted-env-args,,,
69e94fea-ab31-46a8-bdd5-2248e46b8ae6,Critical,subprocess call - check for execution of untrusted input,runexusiam,Codacy,2026-03-08T11:00:04.290Z,,https://app.codacy.com/p/831814/issues/index?resultDataId=131451670088,42,venv/lib/python3.12/site-packages/pennylane/about.py,Semgrep_python_exec_rule-subprocess-call-array,,,
d9c0a420-bd82-4345-9c5b-ae0d20a8aa09,Critical,Detected subprocess function 'check_output' without a static string.,runexusiam,Codacy,2026-03-08T11:00:04.290Z,,https://app.codacy.com/p/831814/issues/index?resultDataId=131451670087,42,venv/lib/python3.12/site-packages/pennylane/about.py,Semgrep_python.lang.security.audit.dangerous-subprocess-use-audit.dangerous-subprocess-use-audit,,,
cfacb333-f503-4ff5-af93-88dc251f00b5,Critical,Detected subprocess function 'run' without a static string.,runexusiam,Codacy,2026-03-08T11:00:04.290Z,,https://app.codacy.com/p/831814/issues/index?resultDataId=131451630740,415,venv/lib/python3.12/site-packages/packaging/tags.py,Semgrep_python.lang.security.audit.dangerous-subprocess-use-audit.dangerous-subprocess-use-audit,,,
72284327-0c1f-466d-8c6f-e2a545e7bbe6,Critical,Detected subprocess function 'Popen' without a static string.,runexusiam,Codacy,2026-03-08T11:00:04.290Z,,https://app.codacy.com/p/831814/issues/index?resultDataId=131451639469,143,venv/lib/python3.12/site-packages/pennylane/logging/configuration.py,Semgrep_python.lang.security.audit.dangerous-subprocess-use-audit.dangerous-subprocess-use-audit,,,
3ba6e8ac-cc31-4121-97bd-342a6610a33c,Critical,Detected subprocess function 'Popen' with user controlled data.,runexusiam,Codacy,2026-03-08T11:00:04.290Z,,https://app.codacy.com/p/831814/issues/index?resultDataId=131451639465,143,venv/lib/python3.12/site-packages/pennylane/logging/configuration.py,Semgrep_python.lang.security.audit.dangerous-subprocess-use-tainted-env-args.dangerous-subprocess-use-tainted-env-args,,,
539d2eb6-3a14-453d-af24-0b146e733028,Critical,Untrusted user input in `importlib.import_module()` function allows an attacker to load arbitrary code.,runexusiam,Codacy,2026-03-08T11:00:04.290Z,,https://app.codacy.com/p/831814/issues/index?resultDataId=131451639455,31,venv/lib/python3.12/site-packages/pennylane/logging/configuration.py,Semgrep_python.lang.security.audit.non-literal-import.non-literal-import,,,
1b647371-147e-4a86-b1d8-beb2652bd5cb,Critical,Use of eval,runexusiam,Codacy,2026-03-08T11:00:04.290Z,,https://app.codacy.com/p/831814/issues/index?resultDataId=131451641375,890,venv/lib/python3.12/site-packages/numpy/_core/tests/test_simd.py,PyLintPython3_W0123,,,
4b6bf2a5-4e7f-4c70-b6ef-f914efcfadc9,Critical,Use of eval,runexusiam,Codacy,2026-03-08T11:00:04.290Z,,https://app.codacy.com/p/831814/issues/index?resultDataId=131451641397,799,venv/lib/python3.12/site-packages/numpy/_core/tests/test_simd.py,PyLintPython3_W0123,,,
edf27936-cc72-4de9-9d09-1263ee6720f1,Critical,Use of eval,runexusiam,Codacy,2026-03-08T11:00:04.290Z,,https://app.codacy.com/p/831814/issues/index?resultDataId=131451641386,239,venv/lib/python3.12/site-packages/numpy/_core/tests/test_simd.py,PyLintPython3_W0123,,,
18254b08-3484-4281-ba7c-e6ccee25d7c3,Critical,Use of eval,runexusiam,Codacy,2026-03-08T11:00:04.290Z,,https://app.codacy.com/p/831814/issues/index?resultDataId=131451641391,716,venv/lib/python3.12/site-packages/numpy/_core/tests/test_simd.py,PyLintPython3_W0123,,,
4f51f0bc-5b7d-4c5d-a650-278ea91dc754,Critical,Use of eval,runexusiam,Codacy,2026-03-08T11:00:04.290Z,,https://app.codacy.com/p/831814/issues/index?resultDataId=131451641393,696,venv/lib/python3.12/site-packages/numpy/_core/tests/test_simd.py,PyLintPython3_W0123,,,
9f1cfd9a-0192-4066-8012-c30dfce5af92,Critical,Use of eval,runexusiam,Codacy,2026-03-08T11:00:04.290Z,,https://app.codacy.com/p/831814/issues/index?resultDataId=131451641401,505,venv/lib/python3.12/site-packages/numpy/_core/tests/test_simd.py,PyLintPython3_W0123,,,
f841d313-e16a-46b8-b9d8-6524dbde6ca9,Critical,Use of eval,runexusiam,Codacy,2026-03-08T11:00:04.290Z,,https://app.codacy.com/p/831814/issues/index?resultDataId=131451641370,762,venv/lib/python3.12/site-packages/numpy/_core/tests/test_simd.py,PyLintPython3_W0123,,,
85ee7f69-129d-4cc2-92b9-5a10bb652dcb,Critical,Use of eval,runexusiam,Codacy,2026-03-08T11:00:04.290Z,,https://app.codacy.com/p/831814/issues/index?resultDataId=131451641376,838,venv/lib/python3.12/site-packages/numpy/_core/tests/test_simd.py,PyLintPython3_W0123,,,
b70fc5ae-e1db-4493-bad3-b7b8a4849da2,Critical,Use of eval,runexusiam,Codacy,2026-03-08T11:00:04.290Z,,https://app.codacy.com/p/831814/issues/index?resultDataId=131451641363,736,venv/lib/python3.12/site-packages/numpy/_core/tests/test_simd.py,PyLintPython3_W0123,,,
f0d9aa93-d384-4dac-864f-bddd3e3b8174,Critical,Use of eval,runexusiam,Codacy,2026-03-08T11:00:04.290Z,,https://app.codacy.com/p/831814/issues/index?resultDataId=131451693741,736,src/ethics-pyramid/venv/lib/python3.12/site-packages/numpy/_core/tests/test_simd.py,PyLintPython3_W0123,,,
792e7fbf-7ef6-489b-899d-91d029b332c3,Critical,Detected subprocess function 'check_output' with user controlled data.,runexusiam,Codacy,2026-03-08T11:00:04.290Z,,https://app.codacy.com/p/831814/issues/index?resultDataId=131451639470,158,venv/lib/python3.12/site-packages/setuptools/_distutils/_msvccompiler.py,Semgrep_python.lang.security.audit.dangerous-subprocess-use-tainted-env-args.dangerous-subprocess-use-tainted-env-args,,,
71159bdb-9044-4712-9ed9-23747b40cb3f,Critical,Detected subprocess function 'check_output' without a static string.,runexusiam,Codacy,2026-03-08T11:00:04.290Z,,https://app.codacy.com/p/831814/issues/index?resultDataId=131451639468,157,venv/lib/python3.12/site-packages/setuptools/_distutils/_msvccompiler.py,Semgrep_python.lang.security.audit.dangerous-subprocess-use-audit.dangerous-subprocess-use-audit,,,
d20d18bb-833e-43dd-9f9e-c979bae49314,Critical,Detected subprocess function 'check_output' with user controlled data.,runexusiam,Codacy,2026-03-08T11:00:04.290Z,,https://app.codacy.com/p/831814/issues/index?resultDataId=131451639454,93,venv/lib/python3.12/site-packages/setuptools/_distutils/_msvccompiler.py,Semgrep_python.lang.security.audit.dangerous-subprocess-use-tainted-env-args.dangerous-subprocess-use-tainted-env-args,,,
14ba32f3-7a3e-4b64-852d-36bb5ae348f7,Critical,Detected subprocess function 'check_output' without a static string.,runexusiam,Codacy,2026-03-08T11:00:04.290Z,,https://app.codacy.com/p/831814/issues/index?resultDataId=131451639461,93,venv/lib/python3.12/site-packages/setuptools/_distutils/_msvccompiler.py,Semgrep_python.lang.security.audit.dangerous-subprocess-use-audit.dangerous-subprocess-use-audit,,,
bf680c2c-103a-4833-acef-015b300f9a1d,Critical,Use of eval,runexusiam,Codacy,2026-03-08T11:00:04.290Z,,https://app.codacy.com/p/831814/issues/index?resultDataId=131451693756,799,src/ethics-pyramid/venv/lib/python3.12/site-packages/numpy/_core/tests/test_simd.py,PyLintPython3_W0123,,,
b51756c7-e79f-4d47-84ce-2839d4a80459,Critical,Use of eval,runexusiam,Codacy,2026-03-08T11:00:04.290Z,,https://app.codacy.com/p/831814/issues/index?resultDataId=131451693722,716,src/ethics-pyramid/venv/lib/python3.12/site-packages/numpy/_core/tests/test_simd.py,PyLintPython3_W0123,,,
93f859bd-785f-4f3d-a5ff-630829e8beed,Critical,Use of eval,runexusiam,Codacy,2026-03-08T11:00:04.290Z,,https://app.codacy.com/p/831814/issues/index?resultDataId=131451693762,505,src/ethics-pyramid/venv/lib/python3.12/site-packages/numpy/_core/tests/test_simd.py,PyLintPython3_W0123,,,
999f3136-121e-4717-aa62-eba4e7a5b3b0,Critical,Use of eval,runexusiam,Codacy,2026-03-08T11:00:04.290Z,,https://app.codacy.com/p/831814/issues/index?resultDataId=131451693714,696,src/ethics-pyramid/venv/lib/python3.12/site-packages/numpy/_core/tests/test_simd.py,PyLintPython3_W0123,,,
29628a3c-1f20-4978-b542-b059db85729e,Critical,Use of eval,runexusiam,Codacy,2026-03-08T11:00:04.290Z,,https://app.codacy.com/p/831814/issues/index?resultDataId=131451693778,838,src/ethics-pyramid/venv/lib/python3.12/site-packages/numpy/_core/tests/test_simd.py,PyLintPython3_W0123,,,
681a12e1-1f43-4595-a638-8a0c654481ae,Critical,Use of eval,runexusiam,Codacy,2026-03-08T11:00:04.290Z,,https://app.codacy.com/p/831814/issues/index?resultDataId=131451693696,890,src/ethics-pyramid/venv/lib/python3.12/site-packages/numpy/_core/tests/test_simd.py,PyLintPython3_W0123,,,
b5fed94c-9774-4415-b65b-c7a6617930c1,Critical,"Avoid using `dill`, which uses `pickle`, which is known to lead to code execution vulnerabilities.",runexusiam,Codacy,2026-03-08T11:00:04.290Z,,https://app.codacy.com/p/831814/issues/index?resultDataId=131451609012,245,venv/lib/python3.12/site-packages/dill/detect.py,Semgrep_python.lang.security.deserialization.pickle.avoid-dill,,,
740103d3-e24d-4c43-9d0b-9af20273ae8b,Critical,"Avoid using `pickle`, which is known to lead to code execution vulnerabilities.",runexusiam,Codacy,2026-03-08T11:00:04.290Z,,https://app.codacy.com/p/831814/issues/index?resultDataId=131451579241,231,venv/lib/python3.12/site-packages/numpy/core/_methods.py,Semgrep_python.lang.security.deserialization.pickle.avoid-pickle,,,
1cde6f5c-8e89-4ea7-81db-e283bcee8ac5,Critical,Use of eval,runexusiam,Codacy,2026-03-08T11:00:04.290Z,,https://app.codacy.com/p/831814/issues/index?resultDataId=131451693716,762,src/ethics-pyramid/venv/lib/python3.12/site-packages/numpy/_core/tests/test_simd.py,PyLintPython3_W0123,,,
4fd50dfd-4319-4ea8-8ddd-c3dbdd02c02e,Critical,"Avoid using `dill`, which uses `pickle`, which is known to lead to code execution vulnerabilities.",runexusiam,Codacy,2026-03-08T11:00:04.290Z,,https://app.codacy.com/p/831814/issues/index?resultDataId=131451609013,261,venv/lib/python3.12/site-packages/dill/detect.py,Semgrep_python.lang.security.deserialization.pickle.avoid-dill,,,
8185fc10-24c4-465a-9c47-55f0769848ff,Critical,"Avoid using `pickle`, which is known to lead to code execution vulnerabilities.",runexusiam,Codacy,2026-03-08T11:00:04.290Z,,https://app.codacy.com/p/831814/issues/index?resultDataId=131451579246,234,venv/lib/python3.12/site-packages/numpy/core/_methods.py,Semgrep_python.lang.security.deserialization.pickle.avoid-pickle,,,
f0b6dd4f-4cb4-4174-bb7a-a92cee771d3e,Critical,The application was found using `dill` which is vulnerable to deserialization attacks.,runexusiam,Codacy,2026-03-08T11:00:04.290Z,,https://app.codacy.com/p/831814/issues/index?resultDataId=131451609014,245,venv/lib/python3.12/site-packages/dill/detect.py,Semgrep_python_deserialization_rule-dill,,,
ec44a852-5832-4683-857f-04037158f0ec,Critical,The application was found using `dill` which is vulnerable to deserialization attacks.,runexusiam,Codacy,2026-03-08T11:00:04.290Z,,https://app.codacy.com/p/831814/issues/index?resultDataId=131451609015,242,venv/lib/python3.12/site-packages/dill/detect.py,Semgrep_python_deserialization_rule-dill,,,
cb9fc750-25df-49ef-8e32-146b4c423b52,Critical,Use of eval,runexusiam,Codacy,2026-03-08T11:00:04.290Z,,https://app.codacy.com/p/831814/issues/index?resultDataId=131451693694,239,src/ethics-pyramid/venv/lib/python3.12/site-packages/numpy/_core/tests/test_simd.py,PyLintPython3_W0123,,,
ef714b5c-2c37-4e6e-95f4-4b12514f4e6a,Critical,"Avoid using `dill`, which uses `pickle`, which is known to lead to code execution vulnerabilities.",runexusiam,Codacy,2026-03-08T11:00:04.290Z,,https://app.codacy.com/p/831814/issues/index?resultDataId=131451609011,279,venv/lib/python3.12/site-packages/dill/detect.py,Semgrep_python.lang.security.deserialization.pickle.avoid-dill,,,
8855b4e2-68ff-475c-8c19-d9919b3e1be9,Critical,The application was found using `dill` which is vulnerable to deserialization attacks.,runexusiam,Codacy,2026-03-08T11:00:04.290Z,,https://app.codacy.com/p/831814/issues/index?resultDataId=131451609010,279,venv/lib/python3.12/site-packages/dill/detect.py,Semgrep_python_deserialization_rule-dill,,,
21f8bdc7-3d7e-4380-bc51-efca920e859c,Critical,The application was found using `dill` which is vulnerable to deserialization attacks.,runexusiam,Codacy,2026-03-08T11:00:04.290Z,,https://app.codacy.com/p/831814/issues/index?resultDataId=131451609016,261,venv/lib/python3.12/site-packages/dill/detect.py,Semgrep_python_deserialization_rule-dill,,,
2c7fe9df-053f-44ce-b434-0bd1ea42f7ec,Critical,"Avoid using `dill`, which uses `pickle`, which is known to lead to code execution vulnerabilities.",runexusiam,Codacy,2026-03-08T11:00:04.290Z,,https://app.codacy.com/p/831814/issues/index?resultDataId=131451609018,242,venv/lib/python3.12/site-packages/dill/detect.py,Semgrep_python.lang.security.deserialization.pickle.avoid-dill,,,
94b5ad6e-71ac-48bb-8106-1d299c1d3c73,Critical,Use of eval,runexusiam,Codacy,2026-03-08T11:00:04.290Z,,https://app.codacy.com/p/831814/issues/index?resultDataId=131451674658,72,venv/lib/python3.12/site-packages/dill/tests/test_module.py,PyLintPython3_W0123,,,
2ad44116-76c0-4286-a3ba-0b288c85c8d2,Critical,Use of eval,runexusiam,Codacy,2026-03-08T11:00:04.290Z,,https://app.codacy.com/p/831814/issues/index?resultDataId=131451639570,62,venv/lib/python3.12/site-packages/sympy/physics/quantum/tests/test_printing.py,PyLintPython3_W0123,,,
1385c3a8-d1ff-4728-a359-9738d30f8dad,Critical,The Python documentation recommends using `defusedxml` instead of `xml` because the native Python `xml` library is vulnerable to XML External Entity (XXE) attacks.,runexusiam,Codacy,2026-03-08T11:00:04.290Z,,https://app.codacy.com/p/831814/issues/index?resultDataId=131451604769,519,venv/lib/python3.12/site-packages/pandas/io/xml.py,Semgrep_python.lang.security.use-defused-xml.use-defused-xml,,,
d79f241f-f1e9-46ca-82b0-92f18802db99,Critical,The Python documentation recommends using `defusedxml` instead of `xml` because the native Python `xml` library is vulnerable to XML External Entity (XXE) attacks.,runexusiam,Codacy,2026-03-08T11:00:04.290Z,,https://app.codacy.com/p/831814/issues/index?resultDataId=131451604773,43,venv/lib/python3.12/site-packages/pandas/io/xml.py,Semgrep_python.lang.security.use-defused-xml.use-defused-xml,,,
d5a7bb4c-6842-4819-9866-be1fbfbe4565,Critical,The Python documentation recommends using `defusedxml` instead of `xml` because the native Python `xml` library is vulnerable to XML External Entity (XXE) attacks.,runexusiam,Codacy,2026-03-08T11:00:04.290Z,,https://app.codacy.com/p/831814/issues/index?resultDataId=131451604765,434,venv/lib/python3.12/site-packages/pandas/io/xml.py,Semgrep_python.lang.security.use-defused-xml.use-defused-xml,,,
f5bebed1-51ae-4aa1-8bda-a385765899a4,Critical,Untrusted user input in `importlib.import_module()` function allows an attacker to load arbitrary code.,runexusiam,Codacy,2026-03-08T11:00:04.290Z,,https://app.codacy.com/p/831814/issues/index?resultDataId=131451614907,135,venv/lib/python3.12/site-packages/pandas/compat/_optional.py,Semgrep_python.lang.security.audit.non-literal-import.non-literal-import,,,
379dd678-13f4-4854-a8e2-c6874031558b,Critical,Untrusted user input in `importlib.import_module()` function allows an attacker to load arbitrary code.,runexusiam,Codacy,2026-03-08T11:00:04.290Z,,https://app.codacy.com/p/831814/issues/index?resultDataId=131451617555,135,src/ethics-pyramid/venv/lib/python3.12/site-packages/pandas/compat/_optional.py,Semgrep_python.lang.security.audit.non-literal-import.non-literal-import,,,
757b30ec-5783-4507-b6de-ea0105fd7b3e,Critical,Use of eval,runexusiam,Codacy,2026-03-08T11:00:04.290Z,,https://app.codacy.com/p/831814/issues/index?resultDataId=131451656284,270,venv/lib/python3.12/site-packages/sympy/utilities/matchpy_connector.py,PyLintPython3_W0123,,,
53372530-a8cb-4420-bc05-4c61b3dc8a70,Critical,Detected the use of eval(). eval() can be dangerous if used to evaluate dynamic content.,runexusiam,Codacy,2026-03-08T11:00:04.290Z,,https://app.codacy.com/p/831814/issues/index?resultDataId=131451620430,270,venv/lib/python3.12/site-packages/sympy/utilities/matchpy_connector.py,Semgrep_python.lang.security.audit.eval-detected.eval-detected,,,
a8277aaa-4e2f-46da-b41f-0291c948e898,Critical,The application was found calling the `eval` function with non-literal data.,runexusiam,Codacy,2026-03-08T11:00:04.290Z,,https://app.codacy.com/p/831814/issues/index?resultDataId=131451620434,270,venv/lib/python3.12/site-packages/sympy/utilities/matchpy_connector.py,Semgrep_python_eval_rule-eval,,,
d9608110-3ca6-452d-9b20-2337e32345c8,Critical,The application was found calling the `eval` function with non-literal data.,runexusiam,Codacy,2026-03-08T11:00:04.290Z,,https://app.codacy.com/p/831814/issues/index?resultDataId=131451692345,451,src/ethics-pyramid/venv/lib/python3.12/site-packages/numpy/f2py/capi_maps.py,Semgrep_python_eval_rule-eval,,,
ca17861f-4c93-4a71-bb33-068f46769c5c,Critical,The application was found calling the `eval` function with non-literal data.,runexusiam,Codacy,2026-03-08T11:00:04.290Z,,https://app.codacy.com/p/831814/issues/index?resultDataId=131451692343,157,src/ethics-pyramid/venv/lib/python3.12/site-packages/numpy/f2py/capi_maps.py,Semgrep_python_eval_rule-eval,,,
de56d70a-c119-4232-adbf-3eaf823b92be,Critical,"Avoid using `pickle`, which is known to lead to code execution vulnerabilities.",runexusiam,Codacy,2026-03-08T11:00:04.290Z,,https://app.codacy.com/p/831814/issues/index?resultDataId=131451603273,111,src/ethics-pyramid/venv/lib/python3.12/site-packages/pandas/io/pickle.py,Semgrep_python.lang.security.deserialization.pickle.avoid-pickle,,,
860039fb-b6e3-4605-b57b-6c17d11bcd36,Critical,"Avoid using `pickle`, which is known to lead to code execution vulnerabilities.",runexusiam,Codacy,2026-03-08T11:00:04.290Z,,https://app.codacy.com/p/831814/issues/index?resultDataId=131451603276,202,src/ethics-pyramid/venv/lib/python3.12/site-packages/pandas/io/pickle.py,Semgrep_python.lang.security.deserialization.pickle.avoid-pickle,,,
62cf7f30-f26e-4149-98ff-5e62b88723e1,Critical,The application was found using `pickle` which is vulnerable to deserialization attacks.,runexusiam,Codacy,2026-03-08T11:00:04.290Z,,https://app.codacy.com/p/831814/issues/index?resultDataId=131451603274,202,src/ethics-pyramid/venv/lib/python3.12/site-packages/pandas/io/pickle.py,Semgrep_python_deserialization_rule-pickle,,,
2477996a-e4ed-405f-a20d-bf6fd67e35ab,Critical,Detected the use of eval(). eval() can be dangerous if used to evaluate dynamic content.,runexusiam,Codacy,2026-03-08T11:00:04.290Z,,https://app.codacy.com/p/831814/issues/index?resultDataId=131451692339,451,src/ethics-pyramid/venv/lib/python3.12/site-packages/numpy/f2py/capi_maps.py,Semgrep_python.lang.security.audit.eval-detected.eval-detected,,,
17281e1c-bbe9-4928-bf2b-133480953d45,Critical,The application was found calling the `eval` function with non-literal data.,runexusiam,Codacy,2026-03-08T11:00:04.290Z,,https://app.codacy.com/p/831814/issues/index?resultDataId=131451692338,295,src/ethics-pyramid/venv/lib/python3.12/site-packages/numpy/f2py/capi_maps.py,Semgrep_python_eval_rule-eval,,,
02dd481f-9b0e-4d83-ad9e-e4c2bf4f16ef,Critical,Detected the use of eval(). eval() can be dangerous if used to evaluate dynamic content.,runexusiam,Codacy,2026-03-08T11:00:04.290Z,,https://app.codacy.com/p/831814/issues/index?resultDataId=131451692340,295,src/ethics-pyramid/venv/lib/python3.12/site-packages/numpy/f2py/capi_maps.py,Semgrep_python.lang.security.audit.eval-detected.eval-detected,,,
b721c9fa-69ab-4687-b2a0-e751e23872a4,Critical,Detected the use of eval(). eval() can be dangerous if used to evaluate dynamic content.,runexusiam,Codacy,2026-03-08T11:00:04.290Z,,https://app.codacy.com/p/831814/issues/index?resultDataId=131451692341,157,src/ethics-pyramid/venv/lib/python3.12/site-packages/numpy/f2py/capi_maps.py,Semgrep_python.lang.security.audit.eval-detected.eval-detected,,,
61a27a3c-9baf-4d36-be7c-96e83903aa8c,Critical,Use of eval,runexusiam,Codacy,2026-03-08T11:00:04.290Z,,https://app.codacy.com/p/831814/issues/index?resultDataId=131451632196,66,venv/lib/python3.12/site-packages/numpy/_core/tests/test_umath_accuracy.py,PyLintPython3_W0123,,,
2e132ad0-6f00-466d-80cb-a235fe5b156b,Critical,Use of eval,runexusiam,Codacy,2026-03-08T11:00:04.290Z,,https://app.codacy.com/p/831814/issues/index?resultDataId=131451632226,67,venv/lib/python3.12/site-packages/numpy/_core/tests/test_umath_accuracy.py,PyLintPython3_W0123,,,
05af6d76-b67c-4612-8721-ae0ab61dac3d,Critical,Detected the use of eval(). eval() can be dangerous if used to evaluate dynamic content.,runexusiam,Codacy,2026-03-08T11:00:04.290Z,,https://app.codacy.com/p/831814/issues/index?resultDataId=131451654050,1020,venv/lib/python3.12/site-packages/dill/_dill.py,Semgrep_python.lang.security.audit.eval-detected.eval-detected,,,
22f4bf6e-5814-4b52-b33a-9624b27bdec8,Critical,Use of eval,runexusiam,Codacy,2026-03-08T11:00:04.290Z,,https://app.codacy.com/p/831814/issues/index?resultDataId=131451651232,962,venv/lib/python3.12/site-packages/dill/_dill.py,PyLintPython3_W0123,,,
0b4c4905-8b91-4c19-be09-23748d488fab,Critical,"Avoid using `pickle`, which is known to lead to code execution vulnerabilities.",runexusiam,Codacy,2026-03-08T11:00:04.290Z,,https://app.codacy.com/p/831814/issues/index?resultDataId=131451654049,421,venv/lib/python3.12/site-packages/dill/_dill.py,Semgrep_python.lang.security.deserialization.pickle.avoid-pickle,,,
ee951a52-3a61-4edc-bb96-da93821a5f0d,Critical,Found dynamic content used in a system call.,runexusiam,Codacy,2026-03-08T11:00:04.290Z,,https://app.codacy.com/p/831814/issues/index?resultDataId=131451628675,143,venv/lib/python3.12/site-packages/pbr/testr_command.py,Semgrep_python.lang.security.audit.dangerous-system-call-audit.dangerous-system-call-audit,,,
d92e011e-f824-42c4-8319-332a3e316bdb,Critical,Use of eval,runexusiam,Codacy,2026-03-08T11:00:04.290Z,,https://app.codacy.com/p/831814/issues/index?resultDataId=131451651233,1020,venv/lib/python3.12/site-packages/dill/_dill.py,PyLintPython3_W0123,,,
7eb3429f-e418-4d35-a89d-f53b2b15efeb,Critical,Detected subprocess function 'call' without a static string.,runexusiam,Codacy,2026-03-08T11:00:04.290Z,,https://app.codacy.com/p/831814/issues/index?resultDataId=131451654040,2202,venv/lib/python3.12/site-packages/dill/_dill.py,Semgrep_python.lang.security.audit.dangerous-subprocess-use-audit.dangerous-subprocess-use-audit,,,
b27e41c5-8642-4d42-8ead-102e5ed27dc7,Critical,Detected the use of eval(). eval() can be dangerous if used to evaluate dynamic content.,runexusiam,Codacy,2026-03-08T11:00:04.290Z,,https://app.codacy.com/p/831814/issues/index?resultDataId=131451654044,962,venv/lib/python3.12/site-packages/dill/_dill.py,Semgrep_python.lang.security.audit.eval-detected.eval-detected,,,
40f93f34-bfe6-47a5-b8c1-6438c1aab574,Critical,The application was found calling the `eval` function with non-literal data.,runexusiam,Codacy,2026-03-08T11:00:04.290Z,,https://app.codacy.com/p/831814/issues/index?resultDataId=131451654043,962,venv/lib/python3.12/site-packages/dill/_dill.py,Semgrep_python_eval_rule-eval,,,
0e47e86c-e2e6-4415-8376-273d0f0c9dec,Critical,The application was found using `dill` which is vulnerable to deserialization attacks.,runexusiam,Codacy,2026-03-08T11:00:04.290Z,,https://app.codacy.com/p/831814/issues/index?resultDataId=131451654042,595,venv/lib/python3.12/site-packages/dill/_dill.py,Semgrep_python_deserialization_rule-marshal,,,
bbffe10d-0a55-4bf6-9546-c443f8e0d112,Critical,"Avoid using `pickle`, which is known to lead to code execution vulnerabilities.",runexusiam,Codacy,2026-03-08T11:00:04.290Z,,https://app.codacy.com/p/831814/issues/index?resultDataId=131451654048,1763,venv/lib/python3.12/site-packages/dill/_dill.py,Semgrep_python.lang.security.deserialization.pickle.avoid-pickle,,,
d8ab359a-8561-4685-87e2-34b2929a0545,Critical,"Avoid using `pickle`, which is known to lead to code execution vulnerabilities.",runexusiam,Codacy,2026-03-08T11:00:04.290Z,,https://app.codacy.com/p/831814/issues/index?resultDataId=131451654047,875,venv/lib/python3.12/site-packages/dill/_dill.py,Semgrep_python.lang.security.deserialization.pickle.avoid-pickle,,,
0ccdb9a3-8bf0-4f1f-9f62-17581cc14b95,Critical,"Avoid using `pickle`, which is known to lead to code execution vulnerabilities.",runexusiam,Codacy,2026-03-08T11:00:04.290Z,,https://app.codacy.com/p/831814/issues/index?resultDataId=131451654051,1009,venv/lib/python3.12/site-packages/dill/_dill.py,Semgrep_python.lang.security.deserialization.pickle.avoid-pickle,,,
477e70e8-7446-44f7-851c-d2662441a46a,Critical,Found dynamic content used in a system call.,runexusiam,Codacy,2026-03-08T11:00:04.290Z,,https://app.codacy.com/p/831814/issues/index?resultDataId=131451628673,144,venv/lib/python3.12/site-packages/pbr/testr_command.py,Semgrep_python.lang.security.audit.dangerous-system-call-audit.dangerous-system-call-audit,,,
2c7e4bcd-190f-40cf-b91a-936837b204a4,Critical,Use of eval,runexusiam,Codacy,2026-03-08T11:00:04.290Z,,https://app.codacy.com/p/831814/issues/index?resultDataId=131451695001,239,src/ethics-pyramid/venv/lib/python3.12/site-packages/pandas/tests/indexes/test_old_base.py,PyLintPython3_W0123,,,
45538786-5c3e-486f-9716-fec26e3e8a79,Critical,The Python documentation recommends using `defusedxml` instead of `xml` because the native Python `xml` library is vulnerable to XML External Entity (XXE) attacks.,runexusiam,Codacy,2026-03-08T11:00:04.290Z,,https://app.codacy.com/p/831814/issues/index?resultDataId=131451599109,850,venv/lib/python3.12/site-packages/networkx/readwrite/graphml.py,Semgrep_python.lang.security.use-defused-xml.use-defused-xml,,,
b4302123-7b06-45c1-a934-b354eb175d61,Critical,The Python documentation recommends using `defusedxml` instead of `xml` because the native Python `xml` library is vulnerable to XML External Entity (XXE) attacks.,runexusiam,Codacy,2026-03-08T11:00:04.290Z,,https://app.codacy.com/p/831814/issues/index?resultDataId=131451599107,499,venv/lib/python3.12/site-packages/networkx/readwrite/graphml.py,Semgrep_python.lang.security.use-defused-xml.use-defused-xml,,,
022cdd3e-2a15-4786-b4c3-3ee1fe0a3f4e,Critical,The Python documentation recommends using `defusedxml` instead of `xml` because the native Python `xml` library is vulnerable to XML External Entity (XXE) attacks.,runexusiam,Codacy,2026-03-08T11:00:04.290Z,,https://app.codacy.com/p/831814/issues/index?resultDataId=131451599106,474,venv/lib/python3.12/site-packages/networkx/readwrite/graphml.py,Semgrep_python.lang.security.use-defused-xml.use-defused-xml,,,
c8988b8d-9d49-45bf-8da2-7bfc102dffe9,Critical,The Python documentation recommends using `defusedxml` instead of `xml` because the native Python `xml` library is vulnerable to XML External Entity (XXE) attacks.,runexusiam,Codacy,2026-03-08T11:00:04.290Z,,https://app.codacy.com/p/831814/issues/index?resultDataId=131451599104,663,venv/lib/python3.12/site-packages/networkx/readwrite/graphml.py,Semgrep_python.lang.security.use-defused-xml.use-defused-xml,,,
79e1f192-67f5-475c-b028-3ff38bc077e0,Critical,Detected subprocess function '_optim_args_from_interpreter_flags' without a static string.,runexusiam,Codacy,2026-03-08T11:00:04.290Z,,https://app.codacy.com/p/831814/issues/index?resultDataId=131451680784,438,venv/lib/python3.12/site-packages/setuptools/_distutils/util.py,Semgrep_python.lang.security.audit.dangerous-subprocess-use-audit.dangerous-subprocess-use-audit,,,
c7cd4298-ff23-4769-9b01-28a2691b719e,Critical,Detected subprocess function 'CompletedProcess' without a static string.,runexusiam,Codacy,2026-03-08T11:00:04.290Z,,https://app.codacy.com/p/831814/issues/index?resultDataId=131451651251,123,venv/lib/python3.12/site-packages/numpy/f2py/__init__.py,Semgrep_python.lang.security.audit.dangerous-subprocess-use-audit.dangerous-subprocess-use-audit,,,
daf039ca-2333-4b11-818c-c0f07a9a164f,Critical,Detected subprocess function 'run' without a static string.,runexusiam,Codacy,2026-03-08T11:00:04.290Z,,https://app.codacy.com/p/831814/issues/index?resultDataId=131451651250,120,venv/lib/python3.12/site-packages/numpy/f2py/__init__.py,Semgrep_python.lang.security.audit.dangerous-subprocess-use-audit.dangerous-subprocess-use-audit,,,
737c2345-0bbd-4761-8903-c6698ed88a12,Critical,The Python documentation recommends using `defusedxml` instead of `xml` because the native Python `xml` library is vulnerable to XML External Entity (XXE) attacks.,runexusiam,Codacy,2026-03-08T11:00:04.290Z,,https://app.codacy.com/p/831814/issues/index?resultDataId=131451646111,519,src/ethics-pyramid/venv/lib/python3.12/site-packages/pandas/io/xml.py,Semgrep_python.lang.security.use-defused-xml.use-defused-xml,,,
4982bfcb-f3f9-46ee-bf32-3a7275f0f8d0,Critical,The Python documentation recommends using `defusedxml` instead of `xml` because the native Python `xml` library is vulnerable to XML External Entity (XXE) attacks.,runexusiam,Codacy,2026-03-08T11:00:04.290Z,,https://app.codacy.com/p/831814/issues/index?resultDataId=131451646109,43,src/ethics-pyramid/venv/lib/python3.12/site-packages/pandas/io/xml.py,Semgrep_python.lang.security.use-defused-xml.use-defused-xml,,,
b252247a-0a71-45b7-bcd3-2ded392283ca,Critical,The Python documentation recommends using `defusedxml` instead of `xml` because the native Python `xml` library is vulnerable to XML External Entity (XXE) attacks.,runexusiam,Codacy,2026-03-08T11:00:04.290Z,,https://app.codacy.com/p/831814/issues/index?resultDataId=131451646112,434,src/ethics-pyramid/venv/lib/python3.12/site-packages/pandas/io/xml.py,Semgrep_python.lang.security.use-defused-xml.use-defused-xml,,,
028f4315-f602-4fce-b529-45fd5c2cde0a,Critical,Finding triggers whenever there is a strcpy or strncpy used.,runexusiam,Codacy,2026-03-08T11:00:04.290Z,,https://app.codacy.com/p/831814/issues/index?resultDataId=131451608963,916,src/ethics-pyramid/venv/lib/python3.12/site-packages/numpy/f2py/src/fortranobject.c,Semgrep_c.lang.security.insecure-use-string-copy-fn.insecure-use-string-copy-fn,,,
d5f5d823-f4c3-4b24-982b-e179124c7ae5,Critical,The `strcpy` family of functions do not provide the ability to limit or check buffer sizes before copying to a destination buffer.,runexusiam,Codacy,2026-03-08T11:00:04.290Z,,https://app.codacy.com/p/831814/issues/index?resultDataId=131451608923,933,src/ethics-pyramid/venv/lib/python3.12/site-packages/numpy/f2py/src/fortranobject.c,Semgrep_c_buffer_rule-strcpy,,,
a636e7a7-d6e9-42f9-9e49-b0bed9700901,Critical,The `strcpy` family of functions do not provide the ability to limit or check buffer sizes before copying to a destination buffer.,runexusiam,Codacy,2026-03-08T11:00:04.290Z,,https://app.codacy.com/p/831814/issues/index?resultDataId=131451608993,1345,src/ethics-pyramid/venv/lib/python3.12/site-packages/numpy/f2py/src/fortranobject.c,Semgrep_c_buffer_rule-strcpy,,,
3e956bd6-4126-4e1c-9d05-60946bf16c09,Critical,The `strcpy` family of functions do not provide the ability to limit or check buffer sizes before copying to a destination buffer.,runexusiam,Codacy,2026-03-08T11:00:04.290Z,,https://app.codacy.com/p/831814/issues/index?resultDataId=131451608936,1359,src/ethics-pyramid/venv/lib/python3.12/site-packages/numpy/f2py/src/fortranobject.c,Semgrep_c_buffer_rule-strcpy,,,
94bf1338-61de-4539-b9c1-c54fc9bd5182,Critical,"Does not check for buffer overflows (CWE-120).  Use sprintf_s, snprintf, or vsnprintf. ",runexusiam,Codacy,2026-03-08T11:00:04.290Z,,https://app.codacy.com/p/831814/issues/index?resultDataId=131451605984,1352,src/ethics-pyramid/venv/lib/python3.12/site-packages/numpy/f2py/src/fortranobject.c,flawfinder_sprintf,,,
318bb90b-9dd4-4d83-9c88-12ac13f4af76,Critical,The `memcpy` family of functions require the developer to validate that the destination buffer is the same size or larger than the source buffer.,runexusiam,Codacy,2026-03-08T11:00:04.290Z,,https://app.codacy.com/p/831814/issues/index?resultDataId=131451608932,324,src/ethics-pyramid/venv/lib/python3.12/site-packages/numpy/f2py/src/fortranobject.c,Semgrep_c_buffer_rule-memcpy-CopyMemory,,,
df1c906e-2cb3-4cfb-94d0-666f396305d2,Critical,"Does not check for buffer overflows (CWE-120).  Use sprintf_s, snprintf, or vsnprintf. ",runexusiam,Codacy,2026-03-08T11:00:04.290Z,,https://app.codacy.com/p/831814/issues/index?resultDataId=131451605956,1356,src/ethics-pyramid/venv/lib/python3.12/site-packages/numpy/f2py/src/fortranobject.c,flawfinder_sprintf,,,
32ba6c1a-7642-4c7f-84d9-03cc42799778,Critical,Finding triggers whenever there is a strcpy or strncpy used.,runexusiam,Codacy,2026-03-08T11:00:04.290Z,,https://app.codacy.com/p/831814/issues/index?resultDataId=131451608943,1345,src/ethics-pyramid/venv/lib/python3.12/site-packages/numpy/f2py/src/fortranobject.c,Semgrep_c.lang.security.insecure-use-string-copy-fn.insecure-use-string-copy-fn,,,
84782fb0-1fb3-46e4-a280-3d6371b80f06,Critical,The `memcpy` family of functions require the developer to validate that the destination buffer is the same size or larger than the source buffer.,runexusiam,Codacy,2026-03-08T11:00:04.290Z,,https://app.codacy.com/p/831814/issues/index?resultDataId=131451608961,469,src/ethics-pyramid/venv/lib/python3.12/site-packages/numpy/f2py/src/fortranobject.c,Semgrep_c_buffer_rule-memcpy-CopyMemory,,,
4b0a6bd7-aaec-4820-82c6-3fcbadc8c546,Critical,"Does not check for buffer overflows (CWE-120).  Use sprintf_s, snprintf, or vsnprintf. Risk is low because the source has a constant maximum length.",runexusiam,Codacy,2026-03-08T11:00:04.290Z,,https://app.codacy.com/p/831814/issues/index?resultDataId=131451606031,1350,src/ethics-pyramid/venv/lib/python3.12/site-packages/numpy/f2py/src/fortranobject.c,flawfinder_sprintf,,,
38553284-cd8d-4c02-8881-da364522c90c,Critical,"Does not check for buffer overflows (CWE-120).  Use sprintf_s, snprintf, or vsnprintf. ",runexusiam,Codacy,2026-03-08T11:00:04.290Z,,https://app.codacy.com/p/831814/issues/index?resultDataId=131451605953,1354,src/ethics-pyramid/venv/lib/python3.12/site-packages/numpy/f2py/src/fortranobject.c,flawfinder_sprintf,,,
a00ddbdb-888e-4d8b-87d1-3854ec8f3ea1,Critical,"Does not check for buffer overflows (CWE-120).  Use sprintf_s, snprintf, or vsnprintf. ",runexusiam,Codacy,2026-03-08T11:00:04.290Z,,https://app.codacy.com/p/831814/issues/index?resultDataId=131451605988,1338,src/ethics-pyramid/venv/lib/python3.12/site-packages/numpy/f2py/src/fortranobject.c,flawfinder_sprintf,,,
ffaebf2f-a61b-4f07-83ca-e258d5ffdd77,Critical,The `strcpy` family of functions do not provide the ability to limit or check buffer sizes before copying to a destination buffer.,runexusiam,Codacy,2026-03-08T11:00:04.290Z,,https://app.codacy.com/p/831814/issues/index?resultDataId=131451608951,1086,src/ethics-pyramid/venv/lib/python3.12/site-packages/numpy/f2py/src/fortranobject.c,Semgrep_c_buffer_rule-strcpy,,,
5a859523-f1a8-41a6-814f-db8faaebf2c3,Critical,The `strcpy` family of functions do not provide the ability to limit or check buffer sizes before copying to a destination buffer.,runexusiam,Codacy,2026-03-08T11:00:04.290Z,,https://app.codacy.com/p/831814/issues/index?resultDataId=131451608999,1003,src/ethics-pyramid/venv/lib/python3.12/site-packages/numpy/f2py/src/fortranobject.c,Semgrep_c_buffer_rule-strcpy,,,
1900a3ee-0d4d-4853-9dac-ff59a25c085b,Critical,The `memcpy` family of functions require the developer to validate that the destination buffer is the same size or larger than the source buffer.,runexusiam,Codacy,2026-03-08T11:00:04.290Z,,https://app.codacy.com/p/831814/issues/index?resultDataId=131451608917,484,src/ethics-pyramid/venv/lib/python3.12/site-packages/numpy/f2py/src/fortranobject.c,Semgrep_c_buffer_rule-memcpy-CopyMemory,,,
fa077f78-c62b-4291-ad10-f5bbf9c9709e,Critical,"Format string vulnerabilities allow an attacker to read or in some cases, potentially write data to and from locations in the processes' memory.",runexusiam,Codacy,2026-03-08T11:00:04.290Z,,https://app.codacy.com/p/831814/issues/index?resultDataId=131451608947,745,src/ethics-pyramid/venv/lib/python3.12/site-packages/numpy/f2py/src/fortranobject.c,Semgrep_c_format_rule-printf-vprintf,,,
d851b932-ed4e-4969-aae2-1eca52316527,Critical,Finding triggers whenever there is a strcpy or strncpy used.,runexusiam,Codacy,2026-03-08T11:00:04.290Z,,https://app.codacy.com/p/831814/issues/index?resultDataId=131451609006,1003,src/ethics-pyramid/venv/lib/python3.12/site-packages/numpy/f2py/src/fortranobject.c,Semgrep_c.lang.security.insecure-use-string-copy-fn.insecure-use-string-copy-fn,,,
1b48769c-e051-4674-8a97-7b4a06f7754b,Critical,Finding triggers whenever there is a strcpy or strncpy used.,runexusiam,Codacy,2026-03-08T11:00:04.290Z,,https://app.codacy.com/p/831814/issues/index?resultDataId=131451608940,933,src/ethics-pyramid/venv/lib/python3.12/site-packages/numpy/f2py/src/fortranobject.c,Semgrep_c.lang.security.insecure-use-string-copy-fn.insecure-use-string-copy-fn,,,
36015157-a5fb-482f-a871-73cfdfda950d,Critical,"Does not check for buffer overflows (CWE-120).  Use sprintf_s, snprintf, or vsnprintf. ",runexusiam,Codacy,2026-03-08T11:00:04.290Z,,https://app.codacy.com/p/831814/issues/index?resultDataId=131451606024,897,src/ethics-pyramid/venv/lib/python3.12/site-packages/numpy/f2py/src/fortranobject.c,flawfinder_sprintf,,,
913b4cc2-33c1-4887-a9d3-94bdf2795548,Critical,Finding triggers whenever there is a strcpy or strncpy used.,runexusiam,Codacy,2026-03-08T11:00:04.290Z,,https://app.codacy.com/p/831814/issues/index?resultDataId=131451608973,960,src/ethics-pyramid/venv/lib/python3.12/site-packages/numpy/f2py/src/fortranobject.c,Semgrep_c.lang.security.insecure-use-string-copy-fn.insecure-use-string-copy-fn,,,
fba3b89d-0256-432a-9f31-0aa080528b62,Critical,The `strcpy` family of functions do not provide the ability to limit or check buffer sizes before copying to a destination buffer.,runexusiam,Codacy,2026-03-08T11:00:04.290Z,,https://app.codacy.com/p/831814/issues/index?resultDataId=131451608987,960,src/ethics-pyramid/venv/lib/python3.12/site-packages/numpy/f2py/src/fortranobject.c,Semgrep_c_buffer_rule-strcpy,,,
00b48d33-a919-47ed-8f38-3699caf5b6e6,Critical,"Does not check for buffer overflows (CWE-120).  Use sprintf_s, snprintf, or vsnprintf. ",runexusiam,Codacy,2026-03-08T11:00:04.290Z,,https://app.codacy.com/p/831814/issues/index?resultDataId=131451605980,1341,src/ethics-pyramid/venv/lib/python3.12/site-packages/numpy/f2py/src/fortranobject.c,flawfinder_sprintf,,,
633b496b-ede4-4d87-9773-d4053c18eee1,Critical,"Format string vulnerabilities allow an attacker to read or in some cases, potentially write data to and from locations in the processes' memory.",runexusiam,Codacy,2026-03-08T11:00:04.290Z,,https://app.codacy.com/p/831814/issues/index?resultDataId=131451608965,1290,src/ethics-pyramid/venv/lib/python3.12/site-packages/numpy/f2py/src/fortranobject.c,Semgrep_c_format_rule-snprintf-vsnprintf,,,
2b850435-3bda-40fb-b1bb-58e110282dd9,Critical,The `memcpy` family of functions require the developer to validate that the destination buffer is the same size or larger than the source buffer.,runexusiam,Codacy,2026-03-08T11:00:04.290Z,,https://app.codacy.com/p/831814/issues/index?resultDataId=131451608928,280,src/ethics-pyramid/venv/lib/python3.12/site-packages/numpy/f2py/src/fortranobject.c,Semgrep_c_buffer_rule-memcpy-CopyMemory,,,
cd0d69e4-d89d-4479-b882-d8957999f317,Critical,Potential format string problem (CWE-134).  Make format string constant. ,runexusiam,Codacy,2026-03-08T11:00:04.290Z,,https://app.codacy.com/p/831814/issues/index?resultDataId=131451605970,934,src/ethics-pyramid/venv/lib/python3.12/site-packages/numpy/f2py/src/fortranobject.c,flawfinder_sprintf,,,
10fade73-4d61-4f00-9626-6b8689727ad1,Critical,Finding triggers whenever there is a strcpy or strncpy used.,runexusiam,Codacy,2026-03-08T11:00:04.290Z,,https://app.codacy.com/p/831814/issues/index?resultDataId=131451608944,895,src/ethics-pyramid/venv/lib/python3.12/site-packages/numpy/f2py/src/fortranobject.c,Semgrep_c.lang.security.insecure-use-string-copy-fn.insecure-use-string-copy-fn,,,
455741b6-c1fd-4333-a41a-bac0cc188b25,Critical,The `memcpy` family of functions require the developer to validate that the destination buffer is the same size or larger than the source buffer.,runexusiam,Codacy,2026-03-08T11:00:04.290Z,,https://app.codacy.com/p/831814/issues/index?resultDataId=131451609000,250,src/ethics-pyramid/venv/lib/python3.12/site-packages/numpy/f2py/src/fortranobject.c,Semgrep_c_buffer_rule-memcpy-CopyMemory,,,
1bfa0745-c378-489b-b7fd-feb7d8363bf7,Critical,"Does not check for buffer overflows (CWE-120).  Use sprintf_s, snprintf, or vsnprintf. Risk is low because the source has a constant maximum length.",runexusiam,Codacy,2026-03-08T11:00:04.290Z,,https://app.codacy.com/p/831814/issues/index?resultDataId=131451606012,1022,src/ethics-pyramid/venv/lib/python3.12/site-packages/numpy/f2py/src/fortranobject.c,flawfinder_sprintf,,,
07c19ce6-835b-4da7-ad0a-ae04e3043a58,Critical,Finding triggers whenever there is a strcpy or strncpy used.,runexusiam,Codacy,2026-03-08T11:00:04.290Z,,https://app.codacy.com/p/831814/issues/index?resultDataId=131451608957,1359,src/ethics-pyramid/venv/lib/python3.12/site-packages/numpy/f2py/src/fortranobject.c,Semgrep_c.lang.security.insecure-use-string-copy-fn.insecure-use-string-copy-fn,,,
c840c2d4-9249-46d2-b9ae-7c783abfadaa,Critical,"Does not check for buffer overflows (CWE-120).  Use sprintf_s, snprintf, or vsnprintf. ",runexusiam,Codacy,2026-03-08T11:00:04.290Z,,https://app.codacy.com/p/831814/issues/index?resultDataId=131451605977,1336,src/ethics-pyramid/venv/lib/python3.12/site-packages/numpy/f2py/src/fortranobject.c,flawfinder_sprintf,,,
df2c9b19-e0e9-4b03-9946-0263264b7f2a,Critical,"Does not check for buffer overflows (CWE-120).  Use sprintf_s, snprintf, or vsnprintf. Risk is low because the source has a constant maximum length.",runexusiam,Codacy,2026-03-08T11:00:04.290Z,,https://app.codacy.com/p/831814/issues/index?resultDataId=131451605961,919,src/ethics-pyramid/venv/lib/python3.12/site-packages/numpy/f2py/src/fortranobject.c,flawfinder_sprintf,,,
34e62b66-8993-4891-b02b-e7edaa730237,Critical,"Format string vulnerabilities allow an attacker to read or in some cases, potentially write data to and from locations in the processes' memory.",runexusiam,Codacy,2026-03-08T11:00:04.290Z,,https://app.codacy.com/p/831814/issues/index?resultDataId=131451609003,1283,src/ethics-pyramid/venv/lib/python3.12/site-packages/numpy/f2py/src/fortranobject.c,Semgrep_c_format_rule-snprintf-vsnprintf,,,
caeb35bb-5cbd-475f-a4ef-02b5098c42e0,Critical,Finding triggers whenever there is a strcpy or strncpy used.,runexusiam,Codacy,2026-03-08T11:00:04.290Z,,https://app.codacy.com/p/831814/issues/index?resultDataId=131451608975,1086,src/ethics-pyramid/venv/lib/python3.12/site-packages/numpy/f2py/src/fortranobject.c,Semgrep_c.lang.security.insecure-use-string-copy-fn.insecure-use-string-copy-fn,,,
90b6d03f-6663-427b-a073-28ca58695935,Critical,The `strcpy` family of functions do not provide the ability to limit or check buffer sizes before copying to a destination buffer.,runexusiam,Codacy,2026-03-08T11:00:04.290Z,,https://app.codacy.com/p/831814/issues/index?resultDataId=131451608927,895,src/ethics-pyramid/venv/lib/python3.12/site-packages/numpy/f2py/src/fortranobject.c,Semgrep_c_buffer_rule-strcpy,,,
feb5050b-6f9d-407d-966d-b53878bd9fc7,Critical,The `strcpy` family of functions do not provide the ability to limit or check buffer sizes before copying to a destination buffer.,runexusiam,Codacy,2026-03-08T11:00:04.290Z,,https://app.codacy.com/p/831814/issues/index?resultDataId=131451608950,916,src/ethics-pyramid/venv/lib/python3.12/site-packages/numpy/f2py/src/fortranobject.c,Semgrep_c_buffer_rule-strcpy,,,
b19ffd7a-e386-4314-86b9-ed1eddbbfe55,Critical,Detected the use of exec(). exec() can be dangerous if used to evaluate dynamic content.,runexusiam,Codacy,2026-03-08T11:00:04.290Z,,https://app.codacy.com/p/831814/issues/index?resultDataId=131451657052,12,venv/lib/python3.12/site-packages/scipy/_lib/array_api_compat/torch/__init__.py,Semgrep_python.lang.security.audit.exec-detected.exec-detected,,,
81c6ac56-9e36-44d4-aacf-8ef2b99a9dc5,Critical,The application was found calling the `exec` function with a non-literal variable.,runexusiam,Codacy,2026-03-08T11:00:04.290Z,,https://app.codacy.com/p/831814/issues/index?resultDataId=131451657057,12,venv/lib/python3.12/site-packages/scipy/_lib/array_api_compat/torch/__init__.py,Semgrep_python_exec_rule-exec-used,,,
ef159af4-322a-4c95-868e-4afcc50589db,Critical,Detected subprocess function 'STARTUPINFO' without a static string.,runexusiam,Codacy,2026-03-08T11:00:04.290Z,,https://app.codacy.com/p/831814/issues/index?resultDataId=131451611386,82,src/ethics-pyramid/venv/lib/python3.12/site-packages/pandas/_version.py,Semgrep_python.lang.security.audit.dangerous-subprocess-use-audit.dangerous-subprocess-use-audit,,,
2b528b9b-058f-45de-81f0-e90b9ee2a2c0,Critical,Detected subprocess function 'Popen' without a static string.,runexusiam,Codacy,2026-03-08T11:00:04.290Z,,https://app.codacy.com/p/831814/issues/index?resultDataId=131451611384,90,src/ethics-pyramid/venv/lib/python3.12/site-packages/pandas/_version.py,Semgrep_python.lang.security.audit.dangerous-subprocess-use-audit.dangerous-subprocess-use-audit,,,
3ffb3bc5-7d26-4a7f-8fef-a4f05cd00640,Critical,The Python documentation recommends using `defusedxml` instead of `xml` because the native Python `xml` library is vulnerable to XML External Entity (XXE) attacks.,runexusiam,Codacy,2026-03-08T11:00:04.290Z,,https://app.codacy.com/p/831814/issues/index?resultDataId=131451645501,22,venv/lib/python3.12/site-packages/networkx/readwrite/gexf.py,Semgrep_python.lang.security.use-defused-xml.use-defused-xml,,,
7b33c804-302e-4931-bd0b-bb50b57855c2,Critical,Use of eval,runexusiam,Codacy,2026-03-08T11:00:04.290Z,,https://app.codacy.com/p/831814/issues/index?resultDataId=131451583227,163,src/ethics-pyramid/venv/lib/python3.12/site-packages/pandas/tests/scalar/timestamp/test_formats.py,PyLintPython3_W0123,,,
839c7a9c-b0c3-4555-84c4-5c1c276b75cf,Critical,Use of eval,runexusiam,Codacy,2026-03-08T11:00:04.290Z,,https://app.codacy.com/p/831814/issues/index?resultDataId=131451583247,116,src/ethics-pyramid/venv/lib/python3.12/site-packages/pandas/tests/scalar/timestamp/test_formats.py,PyLintPython3_W0123,,,
4c5a54a8-bc94-4902-9874-30e7bf51b1c5,Critical,Use of eval,runexusiam,Codacy,2026-03-08T11:00:04.290Z,,https://app.codacy.com/p/831814/issues/index?resultDataId=131451583243,126,src/ethics-pyramid/venv/lib/python3.12/site-packages/pandas/tests/scalar/timestamp/test_formats.py,PyLintPython3_W0123,,,
a7e14bcd-acdc-49a8-bc85-511ecfff217e,Critical,"Avoid using `pickle`, which is known to lead to code execution vulnerabilities.",runexusiam,Codacy,2026-03-08T11:00:04.290Z,,https://app.codacy.com/p/831814/issues/index?resultDataId=131451611447,497,venv/lib/python3.12/site-packages/numpy/lib/_npyio_impl.py,Semgrep_python.lang.security.deserialization.pickle.avoid-pickle,,,
fa8d6719-490e-460e-a50e-92ca4932b2e2,Critical,"Avoid using `pickle`, which is known to lead to code execution vulnerabilities.",runexusiam,Codacy,2026-03-08T11:00:04.290Z,,https://app.codacy.com/p/831814/issues/index?resultDataId=131451611446,499,venv/lib/python3.12/site-packages/numpy/lib/_npyio_impl.py,Semgrep_python.lang.security.deserialization.pickle.avoid-pickle,,,
f0257f92-a9ba-4543-9128-488f5d10207d,Critical,The application was found using `pickle` which is vulnerable to deserialization attacks.,runexusiam,Codacy,2026-03-08T11:00:04.290Z,,https://app.codacy.com/p/831814/issues/index?resultDataId=131451611445,497,venv/lib/python3.12/site-packages/numpy/lib/_npyio_impl.py,Semgrep_python_deserialization_rule-pickle,,,
787479f1-3b7d-4008-8249-2267c4664948,Critical,The application was found using `pickle` which is vulnerable to deserialization attacks.,runexusiam,Codacy,2026-03-08T11:00:04.290Z,,https://app.codacy.com/p/831814/issues/index?resultDataId=131451681683,174,venv/lib/python3.12/site-packages/scipy/misc/_common.py,Semgrep_python_deserialization_rule-pickle,,,
729a5fb3-aa64-4d33-81ed-f4e0e750cca9,Critical,"Avoid using `pickle`, which is known to lead to code execution vulnerabilities.",runexusiam,Codacy,2026-03-08T11:00:04.290Z,,https://app.codacy.com/p/831814/issues/index?resultDataId=131451681682,174,venv/lib/python3.12/site-packages/scipy/misc/_common.py,Semgrep_python.lang.security.deserialization.pickle.avoid-pickle,,,
640bc03e-9948-462c-9839-36298928428a,Critical,The application was found calling the `exec` function with a non-literal variable.,runexusiam,Codacy,2026-03-08T11:00:04.290Z,,https://app.codacy.com/p/831814/issues/index?resultDataId=131451657047,1263,src/ethics-pyramid/venv/lib/python3.12/site-packages/numpy/testing/_private/utils.py,Semgrep_python_exec_rule-exec-used,,,
e3c2233f-d091-4bc9-922f-f777ed419f6d,Critical,Detected the use of exec(). exec() can be dangerous if used to evaluate dynamic content.,runexusiam,Codacy,2026-03-08T11:00:04.290Z,,https://app.codacy.com/p/831814/issues/index?resultDataId=131451657050,1554,src/ethics-pyramid/venv/lib/python3.12/site-packages/numpy/testing/_private/utils.py,Semgrep_python.lang.security.audit.exec-detected.exec-detected,,,
4e6d1305-a2ec-4113-8907-d4e96a0ef1b7,Critical,Detected the use of exec(). exec() can be dangerous if used to evaluate dynamic content.,runexusiam,Codacy,2026-03-08T11:00:04.290Z,,https://app.codacy.com/p/831814/issues/index?resultDataId=131451657048,1263,src/ethics-pyramid/venv/lib/python3.12/site-packages/numpy/testing/_private/utils.py,Semgrep_python.lang.security.audit.exec-detected.exec-detected,,,
3d273d08-cc4e-4feb-a3b0-ac37186b2875,Critical,The application was found calling the `exec` function with a non-literal variable.,runexusiam,Codacy,2026-03-08T11:00:04.290Z,,https://app.codacy.com/p/831814/issues/index?resultDataId=131451657049,1554,src/ethics-pyramid/venv/lib/python3.12/site-packages/numpy/testing/_private/utils.py,Semgrep_python_exec_rule-exec-used,,,
ab7e8a33-d529-4887-9894-3a7b89bf5985,Critical,Untrusted user input in `importlib.import_module()` function allows an attacker to load arbitrary code.,runexusiam,Codacy,2026-03-08T11:00:04.290Z,,https://app.codacy.com/p/831814/issues/index?resultDataId=131451623090,46,venv/lib/python3.12/site-packages/pennylane/qnn/__init__.py,Semgrep_python.lang.security.audit.non-literal-import.non-literal-import,,,
0679cb05-a527-4eb9-b684-b3ea32a53dfa,Critical,Untrusted user input in `importlib.import_module()` function allows an attacker to load arbitrary code.,runexusiam,Codacy,2026-03-08T11:00:04.290Z,,https://app.codacy.com/p/831814/issues/index?resultDataId=131451623088,49,venv/lib/python3.12/site-packages/pennylane/qnn/__init__.py,Semgrep_python.lang.security.audit.non-literal-import.non-literal-import,,,
862fa7e8-35be-45da-9ea8-4561f7ca4367,Critical,The application was found calling the `exec` function with a non-literal variable.,runexusiam,Codacy,2026-03-08T11:00:04.290Z,,https://app.codacy.com/p/831814/issues/index?resultDataId=131451695449,906,venv/lib/python3.12/site-packages/sympy/utilities/lambdify.py,Semgrep_python_exec_rule-exec-used,,,
bdd1b060-6fb7-4740-871e-ed9830951677,Critical,The application was found calling the `exec` function with a non-literal variable.,runexusiam,Codacy,2026-03-08T11:00:04.290Z,,https://app.codacy.com/p/831814/issues/index?resultDataId=131451695452,160,venv/lib/python3.12/site-packages/sympy/utilities/lambdify.py,Semgrep_python_exec_rule-exec-used,,,
0270ab7a-c296-429a-b566-d05a938580ad,Critical,Detected the use of exec(). exec() can be dangerous if used to evaluate dynamic content.,runexusiam,Codacy,2026-03-08T11:00:04.290Z,,https://app.codacy.com/p/831814/issues/index?resultDataId=131451695447,889,venv/lib/python3.12/site-packages/sympy/utilities/lambdify.py,Semgrep_python.lang.security.audit.exec-detected.exec-detected,,,
5f9e9833-15c9-4c60-abc5-1e0d02f5535d,Critical,Detected the use of exec(). exec() can be dangerous if used to evaluate dynamic content.,runexusiam,Codacy,2026-03-08T11:00:04.290Z,,https://app.codacy.com/p/831814/issues/index?resultDataId=131451695450,160,venv/lib/python3.12/site-packages/sympy/utilities/lambdify.py,Semgrep_python.lang.security.audit.exec-detected.exec-detected,,,
8aba511e-4b29-4b69-8f2a-768f26c3867c,Critical,Use of eval,runexusiam,Codacy,2026-03-08T11:00:04.290Z,,https://app.codacy.com/p/831814/issues/index?resultDataId=131451675994,153,venv/lib/python3.12/site-packages/sympy/utilities/lambdify.py,PyLintPython3_W0123,,,
b93805d1-c103-4f5b-b836-ae8872a1e74d,Critical,The application was found calling the `exec` function with a non-literal variable.,runexusiam,Codacy,2026-03-08T11:00:04.290Z,,https://app.codacy.com/p/831814/issues/index?resultDataId=131451695446,889,venv/lib/python3.12/site-packages/sympy/utilities/lambdify.py,Semgrep_python_exec_rule-exec-used,,,
3ec79e42-0f6e-4b9c-b33e-e5781fcb9410,Critical,The application was found calling the `eval` function with non-literal data.,runexusiam,Codacy,2026-03-08T11:00:04.290Z,,https://app.codacy.com/p/831814/issues/index?resultDataId=131451695448,153,venv/lib/python3.12/site-packages/sympy/utilities/lambdify.py,Semgrep_python_eval_rule-eval,,,
5558d001-020f-4c86-85a8-427aebb9d459,Critical,Detected the use of exec(). exec() can be dangerous if used to evaluate dynamic content.,runexusiam,Codacy,2026-03-08T11:00:04.290Z,,https://app.codacy.com/p/831814/issues/index?resultDataId=131451695451,906,venv/lib/python3.12/site-packages/sympy/utilities/lambdify.py,Semgrep_python.lang.security.audit.exec-detected.exec-detected,,,
2be06432-5c9e-487d-bcec-2a73b2ee1178,Critical,Detected the use of eval(). eval() can be dangerous if used to evaluate dynamic content.,runexusiam,Codacy,2026-03-08T11:00:04.290Z,,https://app.codacy.com/p/831814/issues/index?resultDataId=131451695453,153,venv/lib/python3.12/site-packages/sympy/utilities/lambdify.py,Semgrep_python.lang.security.audit.eval-detected.eval-detected,,,
6805417f-26fb-491a-b363-85cb5b2d9627,Critical,The application was found calling the `eval` function with non-literal data.,runexusiam,Codacy,2026-03-08T11:00:04.290Z,,https://app.codacy.com/p/831814/issues/index?resultDataId=131451636155,1615,venv/lib/python3.12/site-packages/sympy/physics/secondquant.py,Semgrep_python_eval_rule-eval,,,
5769ee71-2b46-4908-846c-be1798c68072,Critical,Use of eval,runexusiam,Codacy,2026-03-08T11:00:04.290Z,,https://app.codacy.com/p/831814/issues/index?resultDataId=131451612935,1615,venv/lib/python3.12/site-packages/sympy/physics/secondquant.py,PyLintPython3_W0123,,,
9de81107-f1cc-4c35-b441-c2421b3d2fb8,Critical,Detected the use of eval(). eval() can be dangerous if used to evaluate dynamic content.,runexusiam,Codacy,2026-03-08T11:00:04.290Z,,https://app.codacy.com/p/831814/issues/index?resultDataId=131451636156,1615,venv/lib/python3.12/site-packages/sympy/physics/secondquant.py,Semgrep_python.lang.security.audit.eval-detected.eval-detected,,,
3892ef19-4af1-492f-a9bd-154921eaef8f,Critical,Untrusted user input in `importlib.import_module()` function allows an attacker to load arbitrary code.,runexusiam,Codacy,2026-03-08T11:00:04.290Z,,https://app.codacy.com/p/831814/issues/index?resultDataId=131451675832,24,venv/lib/python3.12/site-packages/requests/compat.py,Semgrep_python.lang.security.audit.non-literal-import.non-literal-import,,,
67c654b6-8e47-466b-b92d-5f5345e04371,Critical,Use of eval,runexusiam,Codacy,2026-03-08T11:00:04.290Z,,https://app.codacy.com/p/831814/issues/index?resultDataId=131451607925,43,venv/lib/python3.12/site-packages/pandas/tests/indexes/numeric/test_numeric.py,PyLintPython3_W0123,,,
65bc9fb9-af73-437e-89d1-6bd3f60dfe55,Critical,Detected subprocess function 'check_output' without a static string.,runexusiam,Codacy,2026-03-08T11:00:04.290Z,,https://app.codacy.com/p/831814/issues/index?resultDataId=131451603289,182,venv/lib/python3.12/site-packages/sympy/utilities/autowrap.py,Semgrep_python.lang.security.audit.dangerous-subprocess-use-audit.dangerous-subprocess-use-audit,,,
79f811f3-0d17-4da4-8c33-e15ec3419660,Critical,Detected subprocess function 'Popen' without a static string.,runexusiam,Codacy,2026-03-08T11:00:04.290Z,,https://app.codacy.com/p/831814/issues/index?resultDataId=131451630720,281,venv/lib/python3.12/site-packages/git/cmd.py,Semgrep_python.lang.security.audit.dangerous-subprocess-use-audit.dangerous-subprocess-use-audit,,,
53e23199-856a-48de-9566-314e56874c0b,Critical,The application was found calling the `eval` function with non-literal data.,runexusiam,Codacy,2026-03-08T11:00:04.290Z,,https://app.codacy.com/p/831814/issues/index?resultDataId=131451610592,27,venv/lib/python3.12/site-packages/sympy/plotting/pygletplot/plot_interval.py,Semgrep_python_eval_rule-eval,,,
2d6b4caa-daa0-44af-bebd-526c8fa208ce,Critical,Use of eval,runexusiam,Codacy,2026-03-08T11:00:04.290Z,,https://app.codacy.com/p/831814/issues/index?resultDataId=131451632187,27,venv/lib/python3.12/site-packages/sympy/plotting/pygletplot/plot_interval.py,PyLintPython3_W0123,,,
55898d04-da78-4d1f-b12f-de6c7bec8a13,Critical,Detected the use of eval(). eval() can be dangerous if used to evaluate dynamic content.,runexusiam,Codacy,2026-03-08T11:00:04.290Z,,https://app.codacy.com/p/831814/issues/index?resultDataId=131451610591,27,venv/lib/python3.12/site-packages/sympy/plotting/pygletplot/plot_interval.py,Semgrep_python.lang.security.audit.eval-detected.eval-detected,,,
b2542f7a-2c37-40b9-9135-01102ebae35d,Critical,Detected the use of exec(). exec() can be dangerous if used to evaluate dynamic content.,runexusiam,Codacy,2026-03-08T11:00:04.290Z,,https://app.codacy.com/p/831814/issues/index?resultDataId=131451675826,265,venv/lib/python3.12/site-packages/setuptools/_distutils/core.py,Semgrep_python.lang.security.audit.exec-detected.exec-detected,,,
61c47c0c-5625-4fa4-a424-51ebfc54925f,Critical,The application was found calling the `exec` function with a non-literal variable.,runexusiam,Codacy,2026-03-08T11:00:04.290Z,,https://app.codacy.com/p/831814/issues/index?resultDataId=131451675825,265,venv/lib/python3.12/site-packages/setuptools/_distutils/core.py,Semgrep_python_exec_rule-exec-used,,,
aa21ae09-3d38-42c7-938a-0105a3c60685,Critical,Detected a Jinja2 environment without autoescaping.,runexusiam,Codacy,2026-03-08T11:00:04.290Z,,https://app.codacy.com/p/831814/issues/index?resultDataId=131451651174,73,src/ethics-pyramid/venv/lib/python3.12/site-packages/pandas/io/formats/style_render.py,Semgrep_python.jinja2.security.audit.missing-autoescape-disabled.missing-autoescape-disabled,,,
119ab0db-f1f7-43f1-a253-78926e374995,Critical,Detected the use of exec(). exec() can be dangerous if used to evaluate dynamic content.,runexusiam,Codacy,2026-03-08T11:00:04.290Z,,https://app.codacy.com/p/831814/issues/index?resultDataId=131451657045,50,venv/lib/python3.12/site-packages/setuptools/sandbox.py,Semgrep_python.lang.security.audit.exec-detected.exec-detected,,,
1f230e14-e8a6-4310-b697-e4487522a274,Critical,"Avoid using `pickle`, which is known to lead to code execution vulnerabilities.",runexusiam,Codacy,2026-03-08T11:00:04.290Z,,https://app.codacy.com/p/831814/issues/index?resultDataId=131451657046,112,venv/lib/python3.12/site-packages/setuptools/sandbox.py,Semgrep_python.lang.security.deserialization.pickle.avoid-pickle,,,
b1881158-8617-4a1c-97d9-69299199f917,Critical,The application was found calling the `exec` function with a non-literal variable.,runexusiam,Codacy,2026-03-08T11:00:04.290Z,,https://app.codacy.com/p/831814/issues/index?resultDataId=131451657051,50,venv/lib/python3.12/site-packages/setuptools/sandbox.py,Semgrep_python_exec_rule-exec-used,,,
085dc584-08f8-4eb1-9a42-10c4634c6e45,Critical,Use of eval,runexusiam,Codacy,2026-03-08T11:00:04.290Z,,https://app.codacy.com/p/831814/issues/index?resultDataId=131451683232,28,venv/lib/python3.12/site-packages/mpmath/tests/test_matrices.py,PyLintPython3_W0123,,,
abb3ad53-b88f-4de6-afd8-d934a0680a79,Critical,Use of eval,runexusiam,Codacy,2026-03-08T11:00:04.290Z,,https://app.codacy.com/p/831814/issues/index?resultDataId=131451683220,25,venv/lib/python3.12/site-packages/mpmath/tests/test_matrices.py,PyLintPython3_W0123,,,
8f671899-8b87-4f9d-afec-8741e42c8c09,Critical,Detected subprocess function 'Popen' without a static string.,runexusiam,Codacy,2026-03-08T11:00:04.290Z,,https://app.codacy.com/p/831814/issues/index?resultDataId=131451629287,126,venv/lib/python3.12/site-packages/pip/_internal/utils/subprocess.py,Semgrep_python.lang.security.audit.dangerous-subprocess-use-audit.dangerous-subprocess-use-audit,,,
7fb3c596-1405-4fb7-8dd2-8014981ce1c7,Critical,Use of eval,runexusiam,Codacy,2026-03-08T11:00:04.290Z,,https://app.codacy.com/p/831814/issues/index?resultDataId=131451694964,99,venv/lib/python3.12/site-packages/sympy/matrices/tests/test_sparse.py,PyLintPython3_W0123,,,
597bfc80-d75a-4c01-bab7-95b1d23c414b,Critical,Detected subprocess function 'Popen' without a static string.,runexusiam,Codacy,2026-03-08T11:00:04.290Z,,https://app.codacy.com/p/831814/issues/index?resultDataId=131451692337,242,venv/lib/python3.12/site-packages/pandas/io/clipboard/__init__.py,Semgrep_python.lang.security.audit.dangerous-subprocess-use-audit.dangerous-subprocess-use-audit,,,
0d15baf2-c4e8-4bb8-8ed6-986c0bf56ca7,Critical,Detected subprocess function 'check_call' without a static string.,runexusiam,Codacy,2026-03-08T11:00:04.290Z,,https://app.codacy.com/p/831814/issues/index?resultDataId=131451692344,233,venv/lib/python3.12/site-packages/pandas/io/clipboard/__init__.py,Semgrep_python.lang.security.audit.dangerous-subprocess-use-audit.dangerous-subprocess-use-audit,,,
c6ae18d7-79be-4ef4-b9e2-c2fd3efb5518,Critical,Detected subprocess function 'Popen' without a static string.,runexusiam,Codacy,2026-03-08T11:00:04.290Z,,https://app.codacy.com/p/831814/issues/index?resultDataId=131451692342,235,venv/lib/python3.12/site-packages/pandas/io/clipboard/__init__.py,Semgrep_python.lang.security.audit.dangerous-subprocess-use-audit.dangerous-subprocess-use-audit,,,
002ba8c4-d53c-435e-8553-edf8093c11ce,Critical,The application was found calling the `exec` function with a non-literal variable.,runexusiam,Codacy,2026-03-08T11:00:04.290Z,,https://app.codacy.com/p/831814/issues/index?resultDataId=131451623093,6,venv/lib/python3.12/site-packages/scipy/_lib/array_api_compat/cupy/fft.py,Semgrep_python_exec_rule-exec-used,,,
d3671f0d-5b1b-4f1b-904e-64eeb4bc2eb7,Critical,Detected the use of eval(). eval() can be dangerous if used to evaluate dynamic content.,runexusiam,Codacy,2026-03-08T11:00:04.290Z,,https://app.codacy.com/p/831814/issues/index?resultDataId=131451668581,623,src/ethics-pyramid/venv/lib/python3.12/site-packages/numpy/f2py/auxfuncs.py,Semgrep_python.lang.security.audit.eval-detected.eval-detected,,,
e1bb56a3-d62d-41ad-b5fc-48095df958be,Critical,The application was found calling the `eval` function with non-literal data.,runexusiam,Codacy,2026-03-08T11:00:04.290Z,,https://app.codacy.com/p/831814/issues/index?resultDataId=131451636151,61,venv/lib/python3.12/site-packages/sympy/polys/polyconfig.py,Semgrep_python_eval_rule-eval,,,
e9dd5910-1cbf-41e5-b491-5a766d8584ee,Critical,Detected the use of eval(). eval() can be dangerous if used to evaluate dynamic content.,runexusiam,Codacy,2026-03-08T11:00:04.290Z,,https://app.codacy.com/p/831814/issues/index?resultDataId=131451636152,61,venv/lib/python3.12/site-packages/sympy/polys/polyconfig.py,Semgrep_python.lang.security.audit.eval-detected.eval-detected,,,
0376d28c-e987-4558-b556-605766f7ce2d,Critical,Detected the use of eval(). eval() can be dangerous if used to evaluate dynamic content.,runexusiam,Codacy,2026-03-08T11:00:04.290Z,,https://app.codacy.com/p/831814/issues/index?resultDataId=131451668588,615,src/ethics-pyramid/venv/lib/python3.12/site-packages/numpy/f2py/auxfuncs.py,Semgrep_python.lang.security.audit.eval-detected.eval-detected,,,
05de552b-1e06-46f7-bed5-c0983d72f669,Critical,Detected the use of exec(). exec() can be dangerous if used to evaluate dynamic content.,runexusiam,Codacy,2026-03-08T11:00:04.290Z,,https://app.codacy.com/p/831814/issues/index?resultDataId=131451623089,6,venv/lib/python3.12/site-packages/scipy/_lib/array_api_compat/cupy/fft.py,Semgrep_python.lang.security.audit.exec-detected.exec-detected,,,
f8a3bd7e-4d4f-4486-b812-09a8ded321da,Critical,"Avoid using `pickle`, which is known to lead to code execution vulnerabilities.",runexusiam,Codacy,2026-03-08T11:00:04.290Z,,https://app.codacy.com/p/831814/issues/index?resultDataId=131451679559,497,src/ethics-pyramid/venv/lib/python3.12/site-packages/numpy/lib/_npyio_impl.py,Semgrep_python.lang.security.deserialization.pickle.avoid-pickle,,,
5b032245-2f02-4fe4-a9db-4fb8bc9010f2,Critical,The application was found using `pickle` which is vulnerable to deserialization attacks.,runexusiam,Codacy,2026-03-08T11:00:04.290Z,,https://app.codacy.com/p/831814/issues/index?resultDataId=131451679558,497,src/ethics-pyramid/venv/lib/python3.12/site-packages/numpy/lib/_npyio_impl.py,Semgrep_python_deserialization_rule-pickle,,,
9a4d6357-01cb-4a01-bab5-da5ef13f6b6b,Critical,"Avoid using `pickle`, which is known to lead to code execution vulnerabilities.",runexusiam,Codacy,2026-03-08T11:00:04.290Z,,https://app.codacy.com/p/831814/issues/index?resultDataId=131451679557,499,src/ethics-pyramid/venv/lib/python3.12/site-packages/numpy/lib/_npyio_impl.py,Semgrep_python.lang.security.deserialization.pickle.avoid-pickle,,,
f5d3efb8-cf54-44d8-866d-9a5294a7dc3f,Critical,Use of eval,runexusiam,Codacy,2026-03-08T11:00:04.290Z,,https://app.codacy.com/p/831814/issues/index?resultDataId=131451679287,25,venv/lib/python3.12/site-packages/networkx/algorithms/operators/tests/test_binary.py,PyLintPython3_W0123,,,
ba0ae072-0038-4d2d-ae1b-28dfee81e2b3,Critical,Detected subprocess function 'run' without a static string.,runexusiam,Codacy,2026-03-08T11:00:04.290Z,,https://app.codacy.com/p/831814/issues/index?resultDataId=131451639134,182,src/ethics-pyramid/venv/lib/python3.12/site-packages/numpy/f2py/_backends/_meson.py,Semgrep_python.lang.security.audit.dangerous-subprocess-use-audit.dangerous-subprocess-use-audit,,,
08ea73db-2546-4c50-8bd6-e88a74dd019f,Critical,Use of eval,runexusiam,Codacy,2026-03-08T11:00:04.290Z,,https://app.codacy.com/p/831814/issues/index?resultDataId=131451673589,88,venv/lib/python3.12/site-packages/mpmath/tests/test_convert.py,PyLintPython3_W0123,,,
e4641226-e5f1-4759-a19f-b126bfe999a3,Critical,Detected the use of eval(). eval() can be dangerous if used to evaluate dynamic content.,runexusiam,Codacy,2026-03-08T11:00:04.290Z,,https://app.codacy.com/p/831814/issues/index?resultDataId=131451630728,441,src/ethics-pyramid/venv/lib/python3.12/site-packages/numpy/ma/timer_comparison.py,Semgrep_python.lang.security.audit.eval-detected.eval-detected,,,
10908153-9629-4342-aeb6-323222c86e21,Critical,The application was found calling the `eval` function with non-literal data.,runexusiam,Codacy,2026-03-08T11:00:04.290Z,,https://app.codacy.com/p/831814/issues/index?resultDataId=131451630729,441,src/ethics-pyramid/venv/lib/python3.12/site-packages/numpy/ma/timer_comparison.py,Semgrep_python_eval_rule-eval,,,
8db7eda1-9e9d-47a6-a2e9-43296440cf0e,Critical,The application was found calling the `eval` function with non-literal data.,runexusiam,Codacy,2026-03-08T11:00:04.290Z,,https://app.codacy.com/p/831814/issues/index?resultDataId=131451687531,491,venv/lib/python3.12/site-packages/numpy/ma/timer_comparison.py,Semgrep_python_eval_rule-eval,,,
d6226987-d29b-4473-870d-20d369ebce08,Critical,Detected the use of eval(). eval() can be dangerous if used to evaluate dynamic content.,runexusiam,Codacy,2026-03-08T11:00:04.290Z,,https://app.codacy.com/p/831814/issues/index?resultDataId=131451687532,491,venv/lib/python3.12/site-packages/numpy/ma/timer_comparison.py,Semgrep_python.lang.security.audit.eval-detected.eval-detected,,,
4469c569-0dde-4ff3-9f23-27bcad7baae2,Critical,The application was found calling the `exec` function with a non-literal variable.,runexusiam,Codacy,2026-03-08T11:00:04.290Z,,https://app.codacy.com/p/831814/issues/index?resultDataId=131451657055,18,venv/lib/python3.12/site-packages/dill/objtypes.py,Semgrep_python_exec_rule-exec-used,,,
cd815479-d460-416a-a935-7b7cf61b3e00,Critical,Detected the use of exec(). exec() can be dangerous if used to evaluate dynamic content.,runexusiam,Codacy,2026-03-08T11:00:04.290Z,,https://app.codacy.com/p/831814/issues/index?resultDataId=131451657058,18,venv/lib/python3.12/site-packages/dill/objtypes.py,Semgrep_python.lang.security.audit.exec-detected.exec-detected,,,
c6c67619-fab9-4ada-9d6f-6edfd3b2bd63,Critical,Found dynamic content used in a system call.,runexusiam,Codacy,2026-03-08T11:00:04.290Z,,https://app.codacy.com/p/831814/issues/index?resultDataId=131451576342,9,src/ethics-pyramid/venv/lib/python3.12/site-packages/numpy/f2py/diagnose.py,Semgrep_python.lang.security.audit.dangerous-system-call-audit.dangerous-system-call-audit,,,
79c1f6df-eb8a-4282-810d-c34589c94e8c,Critical,Detected subprocess function 'run' without a static string.,runexusiam,Codacy,2026-03-08T11:00:04.290Z,,https://app.codacy.com/p/831814/issues/index?resultDataId=131451646054,153,venv/lib/python3.12/site-packages/pip/_internal/network/auth.py,Semgrep_python.lang.security.audit.dangerous-subprocess-use-audit.dangerous-subprocess-use-audit,,,
8622717f-b6ba-46b2-a424-bf9ae1d62fc8,Critical,Detected subprocess function 'run' without a static string.,runexusiam,Codacy,2026-03-08T11:00:04.290Z,,https://app.codacy.com/p/831814/issues/index?resultDataId=131451646050,137,venv/lib/python3.12/site-packages/pip/_internal/network/auth.py,Semgrep_python.lang.security.audit.dangerous-subprocess-use-audit.dangerous-subprocess-use-audit,,,
a4d957cc-ff5b-43af-880f-bf42308ccf9b,Critical,Use of eval,runexusiam,Codacy,2026-03-08T11:00:04.290Z,,https://app.codacy.com/p/831814/issues/index?resultDataId=131451688511,130,venv/lib/python3.12/site-packages/sympy/printing/tests/test_tensorflow.py,PyLintPython3_W0123,,,
41155e43-9808-4d2a-984d-12aff5e48885,Critical,Use of eval,runexusiam,Codacy,2026-03-08T11:00:04.290Z,,https://app.codacy.com/p/831814/issues/index?resultDataId=131451688521,53,venv/lib/python3.12/site-packages/sympy/printing/tests/test_tensorflow.py,PyLintPython3_W0123,,,
7770526a-f36c-49cb-a813-b85443610606,Critical,Detected subprocess function 'check_output' without a static string.,runexusiam,Codacy,2026-03-08T11:00:04.290Z,,https://app.codacy.com/p/831814/issues/index?resultDataId=131451639462,59,venv/lib/python3.12/site-packages/sympy/parsing/latex/_build_latex_antlr.py,Semgrep_python.lang.security.audit.dangerous-subprocess-use-audit.dangerous-subprocess-use-audit,,,
e60093b1-fd38-4e10-a1ca-7619074e8e98,Critical,Detected the use of exec(). exec() can be dangerous if used to evaluate dynamic content.,runexusiam,Codacy,2026-03-08T11:00:04.290Z,,https://app.codacy.com/p/831814/issues/index?resultDataId=131451630718,32,venv/lib/python3.12/site-packages/setuptools/launch.py,Semgrep_python.lang.security.audit.exec-detected.exec-detected,,,
d24edb3d-0e5f-44cf-98cb-4337a9843758,Critical,The application was found calling the `exec` function with a non-literal variable.,runexusiam,Codacy,2026-03-08T11:00:04.290Z,,https://app.codacy.com/p/831814/issues/index?resultDataId=131451630717,32,venv/lib/python3.12/site-packages/setuptools/launch.py,Semgrep_python_exec_rule-exec-used,,,
d0d3165d-0d84-4c91-b56d-abe598b69d7d,Critical,The application was found calling the `exec` function with a non-literal variable.,runexusiam,Codacy,2026-03-08T11:00:04.290Z,,https://app.codacy.com/p/831814/issues/index?resultDataId=131451583161,1572,venv/lib/python3.12/site-packages/scipy/optimize/_nonlin.py,Semgrep_python_exec_rule-exec-used,,,
5812a923-2d8f-4525-a413-40ec71e7e20d,Critical,Detected the use of exec(). exec() can be dangerous if used to evaluate dynamic content.,runexusiam,Codacy,2026-03-08T11:00:04.290Z,,https://app.codacy.com/p/831814/issues/index?resultDataId=131451583162,1572,venv/lib/python3.12/site-packages/scipy/optimize/_nonlin.py,Semgrep_python.lang.security.audit.exec-detected.exec-detected,,,
fdc7f3c1-cb7c-446e-bfa9-3d6dc27f4bd4,Critical,Detected subprocess function 'check_call' without a static string.,runexusiam,Codacy,2026-03-08T11:00:04.290Z,,https://app.codacy.com/p/831814/issues/index?resultDataId=131451659395,62,src/ethics-pyramid/venv/lib/python3.12/site-packages/dateutil/zoneinfo/rebuild.py,Semgrep_python.lang.security.audit.dangerous-subprocess-use-audit.dangerous-subprocess-use-audit,,,
3c61cee5-2ea7-442b-8556-cd748bffa8eb,Critical,Detected subprocess function 'check_call' without a static string.,runexusiam,Codacy,2026-03-08T11:00:04.290Z,,https://app.codacy.com/p/831814/issues/index?resultDataId=131451620436,102,venv/lib/python3.12/site-packages/setuptools/installer.py,Semgrep_python.lang.security.audit.dangerous-subprocess-use-audit.dangerous-subprocess-use-audit,,,
398f821a-64d0-497c-b4d8-379d891d6c57,Critical,Found dynamic content used in a system call.,runexusiam,Codacy,2026-03-08T11:00:04.290Z,,https://app.codacy.com/p/831814/issues/index?resultDataId=131451630739,9,venv/lib/python3.12/site-packages/numpy/f2py/diagnose.py,Semgrep_python.lang.security.audit.dangerous-system-call-audit.dangerous-system-call-audit,,,
85922bf3-a1ec-4b28-8b3b-a82896af7a2c,Critical,The Python documentation recommends using `defusedxml` instead of `xml` because the native Python `xml` library is vulnerable to XML External Entity (XXE) attacks.,runexusiam,Codacy,2026-03-08T11:00:04.290Z,,https://app.codacy.com/p/831814/issues/index?resultDataId=131451687703,45,venv/lib/python3.12/site-packages/sympy/printing/mathml.py,Semgrep_python.lang.security.use-defused-xml.use-defused-xml,,,
5cfe743b-17ac-44ea-99f7-34cf9baf77bf,Critical,"Avoid using `pickle`, which is known to lead to code execution vulnerabilities.",runexusiam,Codacy,2026-03-08T11:00:04.290Z,,https://app.codacy.com/p/831814/issues/index?resultDataId=131451628038,40,src/ethics-pyramid/venv/lib/python3.12/site-packages/pandas/compat/compressors.py,Semgrep_python.lang.security.deserialization.pickle.avoid-pickle,,,
86e1309d-3355-4046-b58e-b44ea8fdff14,Critical,Finding triggers whenever there is a strcpy or strncpy used.,runexusiam,Codacy,2026-03-08T11:00:04.290Z,,https://app.codacy.com/p/831814/issues/index?resultDataId=131451608935,928,venv/lib/python3.12/site-packages/numpy/f2py/src/fortranobject.c,Semgrep_c.lang.security.insecure-use-string-copy-fn.insecure-use-string-copy-fn,,,
33b7707c-da49-466f-b730-537a9f53d34c,Critical,The `strcpy` family of functions do not provide the ability to limit or check buffer sizes before copying to a destination buffer.,runexusiam,Codacy,2026-03-08T11:00:04.290Z,,https://app.codacy.com/p/831814/issues/index?resultDataId=131451608938,945,venv/lib/python3.12/site-packages/numpy/f2py/src/fortranobject.c,Semgrep_c_buffer_rule-strcpy,,,
76bbbfc4-631d-409d-b888-b223a6d00660,Critical,"Format string vulnerabilities allow an attacker to read or in some cases, potentially write data to and from locations in the processes' memory.",runexusiam,Codacy,2026-03-08T11:00:04.290Z,,https://app.codacy.com/p/831814/issues/index?resultDataId=131451608979,1306,venv/lib/python3.12/site-packages/numpy/f2py/src/fortranobject.c,Semgrep_c_format_rule-snprintf-vsnprintf,,,
813256b6-62e1-418c-9104-3006f3c16c61,Critical,"Does not check for buffer overflows (CWE-120).  Use sprintf_s, snprintf, or vsnprintf. ",runexusiam,Codacy,2026-03-08T11:00:04.290Z,,https://app.codacy.com/p/831814/issues/index?resultDataId=131451606000,905,venv/lib/python3.12/site-packages/numpy/f2py/src/fortranobject.c,flawfinder_sprintf,,,
933b9770-c294-4368-821e-b7f2443ed6f0,Critical,The `memcpy` family of functions require the developer to validate that the destination buffer is the same size or larger than the source buffer.,runexusiam,Codacy,2026-03-08T11:00:04.290Z,,https://app.codacy.com/p/831814/issues/index?resultDataId=131451608988,473,venv/lib/python3.12/site-packages/numpy/f2py/src/fortranobject.c,Semgrep_c_buffer_rule-memcpy-CopyMemory,,,
193dcbbd-b001-455f-b5ca-b67d1291598e,Critical,Finding triggers whenever there is a strcpy or strncpy used.,runexusiam,Codacy,2026-03-08T11:00:04.290Z,,https://app.codacy.com/p/831814/issues/index?resultDataId=131451608911,972,venv/lib/python3.12/site-packages/numpy/f2py/src/fortranobject.c,Semgrep_c.lang.security.insecure-use-string-copy-fn.insecure-use-string-copy-fn,,,
57c0732a-8643-4c4b-83cf-e0be132dd8d7,Critical,"Format string vulnerabilities allow an attacker to read or in some cases, potentially write data to and from locations in the processes' memory.",runexusiam,Codacy,2026-03-08T11:00:04.290Z,,https://app.codacy.com/p/831814/issues/index?resultDataId=131451608931,749,venv/lib/python3.12/site-packages/numpy/f2py/src/fortranobject.c,Semgrep_c_format_rule-printf-vprintf,,,
6bde7424-03be-482a-b46e-88b6ce54c982,Critical,Potential format string problem (CWE-134).  Make format string constant. ,runexusiam,Codacy,2026-03-08T11:00:04.290Z,,https://app.codacy.com/p/831814/issues/index?resultDataId=131451606007,946,venv/lib/python3.12/site-packages/numpy/f2py/src/fortranobject.c,flawfinder_sprintf,,,
53011caa-bb79-4816-9958-b8dcbc3e26b1,Critical,Finding triggers whenever there is a strcpy or strncpy used.,runexusiam,Codacy,2026-03-08T11:00:04.290Z,,https://app.codacy.com/p/831814/issues/index?resultDataId=131451608955,1015,venv/lib/python3.12/site-packages/numpy/f2py/src/fortranobject.c,Semgrep_c.lang.security.insecure-use-string-copy-fn.insecure-use-string-copy-fn,,,
8435062b-dc18-404a-9284-d208aae3c5ef,Critical,The `strcpy` family of functions do not provide the ability to limit or check buffer sizes before copying to a destination buffer.,runexusiam,Codacy,2026-03-08T11:00:04.290Z,,https://app.codacy.com/p/831814/issues/index?resultDataId=131451608937,1098,venv/lib/python3.12/site-packages/numpy/f2py/src/fortranobject.c,Semgrep_c_buffer_rule-strcpy,,,
817d00de-9db9-495a-95e4-36bd8d2590be,Critical,The `memcpy` family of functions require the developer to validate that the destination buffer is the same size or larger than the source buffer.,runexusiam,Codacy,2026-03-08T11:00:04.290Z,,https://app.codacy.com/p/831814/issues/index?resultDataId=131451608945,254,venv/lib/python3.12/site-packages/numpy/f2py/src/fortranobject.c,Semgrep_c_buffer_rule-memcpy-CopyMemory,,,
2348be29-709c-4fe5-b614-3f7bb63ddb9e,Critical,"Does not check for buffer overflows (CWE-120).  Use sprintf_s, snprintf, or vsnprintf. ",runexusiam,Codacy,2026-03-08T11:00:04.290Z,,https://app.codacy.com/p/831814/issues/index?resultDataId=131451605957,1372,venv/lib/python3.12/site-packages/numpy/f2py/src/fortranobject.c,flawfinder_sprintf,,,
89e87743-1ee0-414d-9ea6-8d834562ad33,Critical,The `memcpy` family of functions require the developer to validate that the destination buffer is the same size or larger than the source buffer.,runexusiam,Codacy,2026-03-08T11:00:04.290Z,,https://app.codacy.com/p/831814/issues/index?resultDataId=131451609001,488,venv/lib/python3.12/site-packages/numpy/f2py/src/fortranobject.c,Semgrep_c_buffer_rule-memcpy-CopyMemory,,,
77dcae3b-2fdc-4a13-b102-aa04f55f0128,Critical,"Does not check for buffer overflows (CWE-120).  Use sprintf_s, snprintf, or vsnprintf. ",runexusiam,Codacy,2026-03-08T11:00:04.290Z,,https://app.codacy.com/p/831814/issues/index?resultDataId=131451605952,1352,venv/lib/python3.12/site-packages/numpy/f2py/src/fortranobject.c,flawfinder_sprintf,,,
f4182697-43b7-40c0-8998-f6874853f389,Critical,The `strcpy` family of functions do not provide the ability to limit or check buffer sizes before copying to a destination buffer.,runexusiam,Codacy,2026-03-08T11:00:04.290Z,,https://app.codacy.com/p/831814/issues/index?resultDataId=131451608916,972,venv/lib/python3.12/site-packages/numpy/f2py/src/fortranobject.c,Semgrep_c_buffer_rule-strcpy,,,
13103538-5fb0-4257-bd93-8466cb7d01ca,Critical,"Does not check for buffer overflows (CWE-120).  Use sprintf_s, snprintf, or vsnprintf. Risk is low because the source has a constant maximum length.",runexusiam,Codacy,2026-03-08T11:00:04.290Z,,https://app.codacy.com/p/831814/issues/index?resultDataId=131451605951,931,venv/lib/python3.12/site-packages/numpy/f2py/src/fortranobject.c,flawfinder_sprintf,,,
8ab55be2-b670-41bf-9171-f26bffa1b503,Critical,Finding triggers whenever there is a strcpy or strncpy used.,runexusiam,Codacy,2026-03-08T11:00:04.290Z,,https://app.codacy.com/p/831814/issues/index?resultDataId=131451608934,1098,venv/lib/python3.12/site-packages/numpy/f2py/src/fortranobject.c,Semgrep_c.lang.security.insecure-use-string-copy-fn.insecure-use-string-copy-fn,,,
4cbcffc4-c3c7-4f0a-8c70-12c7a4b34ef2,Critical,The `memcpy` family of functions require the developer to validate that the destination buffer is the same size or larger than the source buffer.,runexusiam,Codacy,2026-03-08T11:00:04.290Z,,https://app.codacy.com/p/831814/issues/index?resultDataId=131451608939,328,venv/lib/python3.12/site-packages/numpy/f2py/src/fortranobject.c,Semgrep_c_buffer_rule-memcpy-CopyMemory,,,
4ac70e3e-033b-4cc9-86a1-4f269eceb6fe,Critical,Finding triggers whenever there is a strcpy or strncpy used.,runexusiam,Codacy,2026-03-08T11:00:04.290Z,,https://app.codacy.com/p/831814/issues/index?resultDataId=131451608970,903,venv/lib/python3.12/site-packages/numpy/f2py/src/fortranobject.c,Semgrep_c.lang.security.insecure-use-string-copy-fn.insecure-use-string-copy-fn,,,
89cbb76d-2870-45c4-aa83-ee8efa35f77c,Critical,"Format string vulnerabilities allow an attacker to read or in some cases, potentially write data to and from locations in the processes' memory.",runexusiam,Codacy,2026-03-08T11:00:04.290Z,,https://app.codacy.com/p/831814/issues/index?resultDataId=131451608949,1299,venv/lib/python3.12/site-packages/numpy/f2py/src/fortranobject.c,Semgrep_c_format_rule-snprintf-vsnprintf,,,
5768091c-7e10-48b6-87f9-39f8c39427e8,Critical,The `strcpy` family of functions do not provide the ability to limit or check buffer sizes before copying to a destination buffer.,runexusiam,Codacy,2026-03-08T11:00:04.290Z,,https://app.codacy.com/p/831814/issues/index?resultDataId=131451608978,1375,venv/lib/python3.12/site-packages/numpy/f2py/src/fortranobject.c,Semgrep_c_buffer_rule-strcpy,,,
19299dfb-dbf0-4835-a722-9bbd58217fef,Critical,"Does not check for buffer overflows (CWE-120).  Use sprintf_s, snprintf, or vsnprintf. Risk is low because the source has a constant maximum length.",runexusiam,Codacy,2026-03-08T11:00:04.290Z,,https://app.codacy.com/p/831814/issues/index?resultDataId=131451606015,1034,venv/lib/python3.12/site-packages/numpy/f2py/src/fortranobject.c,flawfinder_sprintf,,,
04862f82-c76f-4823-9afa-42405420002b,Critical,"Does not check for buffer overflows (CWE-120).  Use sprintf_s, snprintf, or vsnprintf. ",runexusiam,Codacy,2026-03-08T11:00:04.290Z,,https://app.codacy.com/p/831814/issues/index?resultDataId=131451605964,1368,venv/lib/python3.12/site-packages/numpy/f2py/src/fortranobject.c,flawfinder_sprintf,,,
6e923226-4a84-49a2-a7bc-7f63de30259b,Critical,Finding triggers whenever there is a strcpy or strncpy used.,runexusiam,Codacy,2026-03-08T11:00:04.290Z,,https://app.codacy.com/p/831814/issues/index?resultDataId=131451608998,1361,venv/lib/python3.12/site-packages/numpy/f2py/src/fortranobject.c,Semgrep_c.lang.security.insecure-use-string-copy-fn.insecure-use-string-copy-fn,,,
90a2fa7b-e02e-4cda-8caa-23aece6d0ab6,Critical,"Does not check for buffer overflows (CWE-120).  Use sprintf_s, snprintf, or vsnprintf. ",runexusiam,Codacy,2026-03-08T11:00:04.290Z,,https://app.codacy.com/p/831814/issues/index?resultDataId=131451606004,1370,venv/lib/python3.12/site-packages/numpy/f2py/src/fortranobject.c,flawfinder_sprintf,,,
9c3496a5-b947-4afb-a2b3-47d6e2842f6f,Critical,The `strcpy` family of functions do not provide the ability to limit or check buffer sizes before copying to a destination buffer.,runexusiam,Codacy,2026-03-08T11:00:04.290Z,,https://app.codacy.com/p/831814/issues/index?resultDataId=131451608915,1361,venv/lib/python3.12/site-packages/numpy/f2py/src/fortranobject.c,Semgrep_c_buffer_rule-strcpy,,,
f5b038e2-8b74-44d5-8818-ae6477218c3a,Critical,"Does not check for buffer overflows (CWE-120).  Use sprintf_s, snprintf, or vsnprintf. Risk is low because the source has a constant maximum length.",runexusiam,Codacy,2026-03-08T11:00:04.290Z,,https://app.codacy.com/p/831814/issues/index?resultDataId=131451605979,1366,venv/lib/python3.12/site-packages/numpy/f2py/src/fortranobject.c,flawfinder_sprintf,,,
78736fe1-ab6c-472a-8514-db3589d88661,Critical,The `strcpy` family of functions do not provide the ability to limit or check buffer sizes before copying to a destination buffer.,runexusiam,Codacy,2026-03-08T11:00:04.290Z,,https://app.codacy.com/p/831814/issues/index?resultDataId=131451608948,928,venv/lib/python3.12/site-packages/numpy/f2py/src/fortranobject.c,Semgrep_c_buffer_rule-strcpy,,,
e68a291b-15e0-4ca6-8078-6eb05be9b4b4,Critical,The `strcpy` family of functions do not provide the ability to limit or check buffer sizes before copying to a destination buffer.,runexusiam,Codacy,2026-03-08T11:00:04.290Z,,https://app.codacy.com/p/831814/issues/index?resultDataId=131451609002,1015,venv/lib/python3.12/site-packages/numpy/f2py/src/fortranobject.c,Semgrep_c_buffer_rule-strcpy,,,
42505d1f-a118-457e-ad40-a465aa85b7a0,Critical,"Does not check for buffer overflows (CWE-120).  Use sprintf_s, snprintf, or vsnprintf. ",runexusiam,Codacy,2026-03-08T11:00:04.290Z,,https://app.codacy.com/p/831814/issues/index?resultDataId=131451605974,1354,venv/lib/python3.12/site-packages/numpy/f2py/src/fortranobject.c,flawfinder_sprintf,,,
2d3e4170-1e39-405a-b1da-31a695063a99,Critical,The `strcpy` family of functions do not provide the ability to limit or check buffer sizes before copying to a destination buffer.,runexusiam,Codacy,2026-03-08T11:00:04.290Z,,https://app.codacy.com/p/831814/issues/index?resultDataId=131451608910,903,venv/lib/python3.12/site-packages/numpy/f2py/src/fortranobject.c,Semgrep_c_buffer_rule-strcpy,,,
34ef012b-8da7-4fce-9997-8bd3cb55d7a5,Critical,Finding triggers whenever there is a strcpy or strncpy used.,runexusiam,Codacy,2026-03-08T11:00:04.290Z,,https://app.codacy.com/p/831814/issues/index?resultDataId=131451608953,1375,venv/lib/python3.12/site-packages/numpy/f2py/src/fortranobject.c,Semgrep_c.lang.security.insecure-use-string-copy-fn.insecure-use-string-copy-fn,,,
2d17ba2f-a024-4908-b353-117353a55bf3,Critical,"Does not check for buffer overflows (CWE-120).  Use sprintf_s, snprintf, or vsnprintf. ",runexusiam,Codacy,2026-03-08T11:00:04.290Z,,https://app.codacy.com/p/831814/issues/index?resultDataId=131451606013,1357,venv/lib/python3.12/site-packages/numpy/f2py/src/fortranobject.c,flawfinder_sprintf,,,
e185de7f-819d-4a86-acc4-d003785c04da,Critical,Finding triggers whenever there is a strcpy or strncpy used.,runexusiam,Codacy,2026-03-08T11:00:04.290Z,,https://app.codacy.com/p/831814/issues/index?resultDataId=131451609005,945,venv/lib/python3.12/site-packages/numpy/f2py/src/fortranobject.c,Semgrep_c.lang.security.insecure-use-string-copy-fn.insecure-use-string-copy-fn,,,
10b3b8ad-0501-49f2-8f8b-c7cdc6865949,Critical,The `memcpy` family of functions require the developer to validate that the destination buffer is the same size or larger than the source buffer.,runexusiam,Codacy,2026-03-08T11:00:04.290Z,,https://app.codacy.com/p/831814/issues/index?resultDataId=131451608966,284,venv/lib/python3.12/site-packages/numpy/f2py/src/fortranobject.c,Semgrep_c_buffer_rule-memcpy-CopyMemory,,,
34ecc277-3ac3-4aaf-9b31-850ac9ed4687,Critical,Detected the use of exec(). exec() can be dangerous if used to evaluate dynamic content.,runexusiam,Codacy,2026-03-08T11:00:04.290Z,,https://app.codacy.com/p/831814/issues/index?resultDataId=131451607937,268,venv/lib/python3.12/site-packages/sympy/plotting/experimental_lambdify.py,Semgrep_python.lang.security.audit.exec-detected.exec-detected,,,
004c3ffa-02df-40e1-82d9-b6ffb933b805,Critical,The application was found calling the `exec` function with a non-literal variable.,runexusiam,Codacy,2026-03-08T11:00:04.290Z,,https://app.codacy.com/p/831814/issues/index?resultDataId=131451607941,268,venv/lib/python3.12/site-packages/sympy/plotting/experimental_lambdify.py,Semgrep_python_exec_rule-exec-used,,,
c96b9356-d158-42d8-b117-be2575185e88,Critical,Detected the use of exec(). exec() can be dangerous if used to evaluate dynamic content.,runexusiam,Codacy,2026-03-08T11:00:04.290Z,,https://app.codacy.com/p/831814/issues/index?resultDataId=131451629286,916,venv/lib/python3.12/site-packages/networkx/utils/decorators.py,Semgrep_python.lang.security.audit.exec-detected.exec-detected,,,
06ff7fad-66de-4f44-9199-446ba16d0ef5,Critical,The application was found calling the `exec` function with a non-literal variable.,runexusiam,Codacy,2026-03-08T11:00:04.290Z,,https://app.codacy.com/p/831814/issues/index?resultDataId=131451629289,916,venv/lib/python3.12/site-packages/networkx/utils/decorators.py,Semgrep_python_exec_rule-exec-used,,,
421db5ad-8eb2-4673-a80f-ba179b19060a,Critical,Use of eval,runexusiam,Codacy,2026-03-08T11:00:04.290Z,,https://app.codacy.com/p/831814/issues/index?resultDataId=131451683215,239,venv/lib/python3.12/site-packages/pandas/tests/indexes/test_old_base.py,PyLintPython3_W0123,,,
5a5f2d5f-b180-4089-8b2e-3616cee1c9e9,Critical,"Avoid using `pickle`, which is known to lead to code execution vulnerabilities.",runexusiam,Codacy,2026-03-08T11:00:04.290Z,,https://app.codacy.com/p/831814/issues/index?resultDataId=131451639144,111,venv/lib/python3.12/site-packages/pandas/io/pickle.py,Semgrep_python.lang.security.deserialization.pickle.avoid-pickle,,,
7868e1d7-6e6d-42d7-8360-115984c1d160,Critical,"Avoid using `pickle`, which is known to lead to code execution vulnerabilities.",runexusiam,Codacy,2026-03-08T11:00:04.290Z,,https://app.codacy.com/p/831814/issues/index?resultDataId=131451639135,202,venv/lib/python3.12/site-packages/pandas/io/pickle.py,Semgrep_python.lang.security.deserialization.pickle.avoid-pickle,,,
5795aa1a-c75a-4e6a-902c-f902096c1ced,Critical,The application was found using `pickle` which is vulnerable to deserialization attacks.,runexusiam,Codacy,2026-03-08T11:00:04.290Z,,https://app.codacy.com/p/831814/issues/index?resultDataId=131451639139,202,venv/lib/python3.12/site-packages/pandas/io/pickle.py,Semgrep_python_deserialization_rule-pickle,,,
22b8aa12-9412-491c-902a-884fa37fd58e,Critical,Use of eval,runexusiam,Codacy,2026-03-08T11:00:04.290Z,,https://app.codacy.com/p/831814/issues/index?resultDataId=131451683189,736,venv/lib/python3.12/site-packages/numpy/core/tests/test_simd.py,PyLintPython3_W0123,,,
5fcac131-a121-4942-95f6-0a05bc469623,Critical,Use of eval,runexusiam,Codacy,2026-03-08T11:00:04.290Z,,https://app.codacy.com/p/831814/issues/index?resultDataId=131451683226,505,venv/lib/python3.12/site-packages/numpy/core/tests/test_simd.py,PyLintPython3_W0123,,,
a1aae55d-20c6-4167-95b6-4b707b04921e,Critical,Use of eval,runexusiam,Codacy,2026-03-08T11:00:04.290Z,,https://app.codacy.com/p/831814/issues/index?resultDataId=131451683228,716,venv/lib/python3.12/site-packages/numpy/core/tests/test_simd.py,PyLintPython3_W0123,,,
2fffb4a7-91ab-4de9-bfbe-f63cb68703ed,Critical,Use of eval,runexusiam,Codacy,2026-03-08T11:00:04.290Z,,https://app.codacy.com/p/831814/issues/index?resultDataId=131451683211,696,venv/lib/python3.12/site-packages/numpy/core/tests/test_simd.py,PyLintPython3_W0123,,,
fee93dee-a2e4-499c-a58a-db837eaf8ad4,Critical,Use of eval,runexusiam,Codacy,2026-03-08T11:00:04.290Z,,https://app.codacy.com/p/831814/issues/index?resultDataId=131451683227,890,venv/lib/python3.12/site-packages/numpy/core/tests/test_simd.py,PyLintPython3_W0123,,,
cea340d1-3688-405c-a577-0df6ac472bc9,Critical,Use of eval,runexusiam,Codacy,2026-03-08T11:00:04.290Z,,https://app.codacy.com/p/831814/issues/index?resultDataId=131451683190,838,venv/lib/python3.12/site-packages/numpy/core/tests/test_simd.py,PyLintPython3_W0123,,,
c7e1e674-bf4d-4f2b-8e41-46fc3286a6f0,Critical,The application was found calling the `exec` function with a non-literal variable.,runexusiam,Codacy,2026-03-08T11:00:04.290Z,,https://app.codacy.com/p/831814/issues/index?resultDataId=131451607942,264,venv/lib/python3.12/site-packages/autoray/lazy/core.py,Semgrep_python_exec_rule-exec-used,,,
ff59bdc5-1c11-41cc-9032-21d184e9aa9d,Critical,Detected the use of exec(). exec() can be dangerous if used to evaluate dynamic content.,runexusiam,Codacy,2026-03-08T11:00:04.290Z,,https://app.codacy.com/p/831814/issues/index?resultDataId=131451607939,264,venv/lib/python3.12/site-packages/autoray/lazy/core.py,Semgrep_python.lang.security.audit.exec-detected.exec-detected,,,
3d87e9ed-8894-4a6f-afb8-3c4467f139dd,Critical,Use of eval,runexusiam,Codacy,2026-03-08T11:00:04.290Z,,https://app.codacy.com/p/831814/issues/index?resultDataId=131451683218,799,venv/lib/python3.12/site-packages/numpy/core/tests/test_simd.py,PyLintPython3_W0123,,,
78a46be8-f33b-452a-a679-0f5ef2aad0cf,Critical,Use of eval,runexusiam,Codacy,2026-03-08T11:00:04.290Z,,https://app.codacy.com/p/831814/issues/index?resultDataId=131451683213,762,venv/lib/python3.12/site-packages/numpy/core/tests/test_simd.py,PyLintPython3_W0123,,,
8a88ff23-8b79-4f1e-8200-db2c9428cf15,Critical,Use of eval,runexusiam,Codacy,2026-03-08T11:00:04.290Z,,https://app.codacy.com/p/831814/issues/index?resultDataId=131451683222,239,venv/lib/python3.12/site-packages/numpy/core/tests/test_simd.py,PyLintPython3_W0123,,,
38a99646-ac68-4966-828a-da543309be83,Critical,"Does not check for buffer overflows (CWE-120).  Use sprintf_s, snprintf, or vsnprintf. Risk is low because the source has a constant maximum length.",runexusiam,Codacy,2026-03-08T11:00:04.290Z,,https://app.codacy.com/p/831814/issues/index?resultDataId=131451605959,104,src/ethics-pyramid/venv/lib/python3.12/site-packages/numpy/f2py/tests/src/array_from_pyobj/wrapmodule.c,flawfinder_sprintf,,,
2696664f-1727-4057-97e3-130a12540f47,Critical,The application was found calling the `eval` function with non-literal data.,runexusiam,Codacy,2026-03-08T11:00:04.290Z,,https://app.codacy.com/p/831814/issues/index?resultDataId=131451641437,79,venv/lib/python3.12/site-packages/sympy/parsing/ast_parser.py,Semgrep_python_eval_rule-eval,,,
0b0347e5-7d06-44da-87a2-c2c35de4f745,Critical,The application was found using `pickle` which is vulnerable to deserialization attacks.,runexusiam,Codacy,2026-03-08T11:00:04.290Z,,https://app.codacy.com/p/831814/issues/index?resultDataId=131451607887,247,venv/lib/python3.12/site-packages/pennylane/ops/functions/assert_valid.py,Semgrep_python_deserialization_rule-pickle,,,
f3bc7b5b-623d-4deb-891e-b91aa8c6ea97,Critical,Detected the use of eval(). eval() can be dangerous if used to evaluate dynamic content.,runexusiam,Codacy,2026-03-08T11:00:04.290Z,,https://app.codacy.com/p/831814/issues/index?resultDataId=131451641436,79,venv/lib/python3.12/site-packages/sympy/parsing/ast_parser.py,Semgrep_python.lang.security.audit.eval-detected.eval-detected,,,
1f318164-6985-46a7-b87d-a693c987d410,Critical,Detected the use of exec(). exec() can be dangerous if used to evaluate dynamic content.,runexusiam,Codacy,2026-03-08T11:00:04.290Z,,https://app.codacy.com/p/831814/issues/index?resultDataId=131451641434,72,venv/lib/python3.12/site-packages/sympy/parsing/ast_parser.py,Semgrep_python.lang.security.audit.exec-detected.exec-detected,,,
a4861290-ea87-4c1e-ae34-2b52d5a104c6,Critical,The application was found calling the `exec` function with a non-literal variable.,runexusiam,Codacy,2026-03-08T11:00:04.290Z,,https://app.codacy.com/p/831814/issues/index?resultDataId=131451641433,72,venv/lib/python3.12/site-packages/sympy/parsing/ast_parser.py,Semgrep_python_exec_rule-exec-used,,,
1075140b-19f9-4a61-a6a0-095e0713b0c0,Critical,"Avoid using `pickle`, which is known to lead to code execution vulnerabilities.",runexusiam,Codacy,2026-03-08T11:00:04.290Z,,https://app.codacy.com/p/831814/issues/index?resultDataId=131451607889,246,venv/lib/python3.12/site-packages/pennylane/ops/functions/assert_valid.py,Semgrep_python.lang.security.deserialization.pickle.avoid-pickle,,,
8b7d8b05-8080-4bc0-a8b5-92026de482af,Critical,"Avoid using `pickle`, which is known to lead to code execution vulnerabilities.",runexusiam,Codacy,2026-03-08T11:00:04.290Z,,https://app.codacy.com/p/831814/issues/index?resultDataId=131451607888,247,venv/lib/python3.12/site-packages/pennylane/ops/functions/assert_valid.py,Semgrep_python.lang.security.deserialization.pickle.avoid-pickle,,,
e3f49eb3-19aa-4aeb-ac04-304ffd12e62c,Critical,Detected subprocess function 'Popen' without a static string.,runexusiam,Codacy,2026-03-08T11:00:04.290Z,,https://app.codacy.com/p/831814/issues/index?resultDataId=131451645564,242,src/ethics-pyramid/venv/lib/python3.12/site-packages/pandas/io/clipboard/__init__.py,Semgrep_python.lang.security.audit.dangerous-subprocess-use-audit.dangerous-subprocess-use-audit,,,
15089cc0-4781-4c57-849f-46409033b6f2,Critical,Detected subprocess function 'Popen' without a static string.,runexusiam,Codacy,2026-03-08T11:00:04.290Z,,https://app.codacy.com/p/831814/issues/index?resultDataId=131451645561,235,src/ethics-pyramid/venv/lib/python3.12/site-packages/pandas/io/clipboard/__init__.py,Semgrep_python.lang.security.audit.dangerous-subprocess-use-audit.dangerous-subprocess-use-audit,,,
dd203550-cdff-426e-bafc-da75cdc001d2,Critical,Detected subprocess function 'check_call' without a static string.,runexusiam,Codacy,2026-03-08T11:00:04.290Z,,https://app.codacy.com/p/831814/issues/index?resultDataId=131451645565,233,src/ethics-pyramid/venv/lib/python3.12/site-packages/pandas/io/clipboard/__init__.py,Semgrep_python.lang.security.audit.dangerous-subprocess-use-audit.dangerous-subprocess-use-audit,,,
97006984-6ded-4368-b1af-ddd48dcefa14,Critical,Use of eval,runexusiam,Codacy,2026-03-08T11:00:04.290Z,,https://app.codacy.com/p/831814/issues/index?resultDataId=131451642952,46,venv/lib/python3.12/site-packages/sympy/__init__.py,PyLintPython3_W0123,,,
2b9922f4-2b80-4ce3-ad5a-69178c1d040f,Critical,The application was found calling the `eval` function with non-literal data.,runexusiam,Codacy,2026-03-08T11:00:04.290Z,,https://app.codacy.com/p/831814/issues/index?resultDataId=131451673048,46,venv/lib/python3.12/site-packages/sympy/__init__.py,Semgrep_python_eval_rule-eval,,,
7f29dd38-7109-44e8-a850-0ee29d2d8d6a,Critical,Detected the use of eval(). eval() can be dangerous if used to evaluate dynamic content.,runexusiam,Codacy,2026-03-08T11:00:04.290Z,,https://app.codacy.com/p/831814/issues/index?resultDataId=131451673049,46,venv/lib/python3.12/site-packages/sympy/__init__.py,Semgrep_python.lang.security.audit.eval-detected.eval-detected,,,
8190474f-e497-4b1e-976f-6c69b1f11eab,Critical,Use of eval,runexusiam,Codacy,2026-03-08T11:00:04.290Z,,https://app.codacy.com/p/831814/issues/index?resultDataId=131451647024,110,venv/lib/python3.12/site-packages/pandas/tests/scalar/timestamp/test_formats.py,PyLintPython3_W0123,,,
4d791d26-ff94-4308-a37c-b057fce43d75,Critical,Use of eval,runexusiam,Codacy,2026-03-08T11:00:04.290Z,,https://app.codacy.com/p/831814/issues/index?resultDataId=131451647019,163,venv/lib/python3.12/site-packages/pandas/tests/scalar/timestamp/test_formats.py,PyLintPython3_W0123,,,
3cbdbbc7-b9b9-4ca1-a830-b3d10b5b98df,Critical,Use of eval,runexusiam,Codacy,2026-03-08T11:00:04.290Z,,https://app.codacy.com/p/831814/issues/index?resultDataId=131451647027,116,venv/lib/python3.12/site-packages/pandas/tests/scalar/timestamp/test_formats.py,PyLintPython3_W0123,,,
91541608-2341-4144-92c5-858b4cfad625,Critical,Use of eval,runexusiam,Codacy,2026-03-08T11:00:04.290Z,,https://app.codacy.com/p/831814/issues/index?resultDataId=131451647036,126,venv/lib/python3.12/site-packages/pandas/tests/scalar/timestamp/test_formats.py,PyLintPython3_W0123,,,
80d5d02c-37e0-4747-9c05-fcb730f6da4b,Critical,"Avoid using `dill`, which uses `pickle`, which is known to lead to code execution vulnerabilities.",runexusiam,Codacy,2026-03-08T11:00:04.290Z,,https://app.codacy.com/p/831814/issues/index?resultDataId=131451639151,247,venv/lib/python3.12/site-packages/dill/session.py,Semgrep_python.lang.security.deserialization.pickle.avoid-dill,,,
f8c3e5a5-cbdf-4fe0-ac36-9bd1cededef0,Critical,Found non static data as an index to 'globals()'. This is extremely dangerous because it allows an attacker to execute arbitrary code on the system.,runexusiam,Codacy,2026-03-08T11:00:04.290Z,,https://app.codacy.com/p/831814/issues/index?resultDataId=131451639150,226,venv/lib/python3.12/site-packages/dill/session.py,Semgrep_python.lang.security.dangerous-globals-use.dangerous-globals-use,,,
30728f0f-8ae5-4689-b00e-408dbafe887c,Critical,The application was found using `dill` which is vulnerable to deserialization attacks.,runexusiam,Codacy,2026-03-08T11:00:04.290Z,,https://app.codacy.com/p/831814/issues/index?resultDataId=131451639148,247,venv/lib/python3.12/site-packages/dill/session.py,Semgrep_python_deserialization_rule-dill,,,
7d53619c-9ea2-44d0-9e6b-8cb980fb7fb7,Critical,"Avoid using `dill`, which uses `pickle`, which is known to lead to code execution vulnerabilities.",runexusiam,Codacy,2026-03-08T11:00:04.290Z,,https://app.codacy.com/p/831814/issues/index?resultDataId=131451639152,448,venv/lib/python3.12/site-packages/dill/session.py,Semgrep_python.lang.security.deserialization.pickle.avoid-dill,,,
2e240898-b625-42e8-9bb1-67654b288c6a,Critical,The application was found using `dill` which is vulnerable to deserialization attacks.,runexusiam,Codacy,2026-03-08T11:00:04.290Z,,https://app.codacy.com/p/831814/issues/index?resultDataId=131451639153,448,venv/lib/python3.12/site-packages/dill/session.py,Semgrep_python_deserialization_rule-dill,,,
0b960599-35c9-463a-9bd9-d272e7138aaf,Critical,Detected subprocess function 'check_call' without a static string.,runexusiam,Codacy,2026-03-08T11:00:04.290Z,,https://app.codacy.com/p/831814/issues/index?resultDataId=131451632229,62,venv/lib/python3.12/site-packages/dateutil/zoneinfo/rebuild.py,Semgrep_python.lang.security.audit.dangerous-subprocess-use-audit.dangerous-subprocess-use-audit,,,
7a03aab8-7548-4f71-9145-f381f87e57e6,Critical,Found non static data as an index to 'globals()'. This is extremely dangerous because it allows an attacker to execute arbitrary code on the system.,runexusiam,Codacy,2026-03-08T11:00:04.290Z,,https://app.codacy.com/p/831814/issues/index?resultDataId=131451639145,611,venv/lib/python3.12/site-packages/dill/session.py,Semgrep_python.lang.security.dangerous-globals-use.dangerous-globals-use,,,
1d098e07-133c-44bd-9aeb-a1ced523e659,Critical,Detected subprocess function 'Popen' with user controlled data.,runexusiam,Codacy,2026-03-08T11:00:04.290Z,,https://app.codacy.com/p/831814/issues/index?resultDataId=131451639147,46,venv/lib/python3.12/site-packages/pbr/git.py,Semgrep_python.lang.security.audit.dangerous-subprocess-use-tainted-env-args.dangerous-subprocess-use-tainted-env-args,,,
e8c10802-0454-43ff-805a-88d42329bd27,Critical,Detected subprocess function 'Popen' without a static string.,runexusiam,Codacy,2026-03-08T11:00:04.290Z,,https://app.codacy.com/p/831814/issues/index?resultDataId=131451639146,46,venv/lib/python3.12/site-packages/pbr/git.py,Semgrep_python.lang.security.audit.dangerous-subprocess-use-audit.dangerous-subprocess-use-audit,,,
5a992ecd-693c-4243-a082-36aab478046c,Critical,Use of eval,runexusiam,Codacy,2026-03-08T11:00:04.290Z,,https://app.codacy.com/p/831814/issues/index?resultDataId=131451607930,652,src/ethics-pyramid/venv/lib/python3.12/site-packages/pandas/tests/scalar/timestamp/test_constructors.py,PyLintPython3_W0123,,,
f034d40a-78df-4ee2-bc2b-9eb339808dbf,Critical,Detected usage of re.compile with an inefficient regular expression.,runexusiam,Codacy,2026-03-08T11:00:04.290Z,,https://app.codacy.com/p/831814/issues/index?resultDataId=131451675829,102,venv/lib/python3.12/site-packages/qiskit/visualization/bloch.py,Semgrep_python.lang.security.audit.regex-dos.regex_dos,,,
f2cce8dc-b394-4b84-aef3-0fc43d76cbc3,Critical,The application was found using `dill` which is vulnerable to deserialization attacks.,runexusiam,Codacy,2026-03-08T11:00:04.290Z,,https://app.codacy.com/p/831814/issues/index?resultDataId=131451655976,117,venv/lib/python3.12/site-packages/setuptools/depends.py,Semgrep_python_deserialization_rule-marshal,,,
ba3a1cc9-6320-4250-bc0d-726b5f4f2936,Critical,"Does not check for buffer overflows (CWE-120).  Use sprintf_s, snprintf, or vsnprintf. Risk is low because the source has a constant maximum length.",runexusiam,Codacy,2026-03-08T11:00:04.290Z,,https://app.codacy.com/p/831814/issues/index?resultDataId=131451605963,104,venv/lib/python3.12/site-packages/numpy/f2py/tests/src/array_from_pyobj/wrapmodule.c,flawfinder_sprintf,,,
53c6e90b-6437-41b9-b15a-f0ce154abbf2,Critical,Detected the use of eval(). eval() can be dangerous if used to evaluate dynamic content.,runexusiam,Codacy,2026-03-08T11:00:04.290Z,,https://app.codacy.com/p/831814/issues/index?resultDataId=131451607892,44,venv/lib/python3.12/site-packages/sympy/plotting/pygletplot/plot_axes.py,Semgrep_python.lang.security.audit.eval-detected.eval-detected,,,
8fc90b9a-888f-4668-8da4-f878ecb62d95,Critical,Use of eval,runexusiam,Codacy,2026-03-08T11:00:04.290Z,,https://app.codacy.com/p/831814/issues/index?resultDataId=131451602139,44,venv/lib/python3.12/site-packages/sympy/plotting/pygletplot/plot_axes.py,PyLintPython3_W0123,,,
319e7dbd-e333-45b4-bf58-c549165bf477,Critical,The application was found calling the `eval` function with non-literal data.,runexusiam,Codacy,2026-03-08T11:00:04.290Z,,https://app.codacy.com/p/831814/issues/index?resultDataId=131451607891,44,venv/lib/python3.12/site-packages/sympy/plotting/pygletplot/plot_axes.py,Semgrep_python_eval_rule-eval,,,
18598587-18c4-4ce9-bff8-89d7db6af86b,Critical,Found non static data as an index to 'globals()'. This is extremely dangerous because it allows an attacker to execute arbitrary code on the system.,runexusiam,Codacy,2026-03-08T11:00:04.290Z,,https://app.codacy.com/p/831814/issues/index?resultDataId=131451630735,660,venv/lib/python3.12/site-packages/sympy/solvers/ode/ode.py,Semgrep_python.lang.security.dangerous-globals-use.dangerous-globals-use,,,
09207c0c-a571-4e27-ab37-3986b552e529,Critical,Found non static data as an index to 'globals()'. This is extremely dangerous because it allows an attacker to execute arbitrary code on the system.,runexusiam,Codacy,2026-03-08T11:00:04.290Z,,https://app.codacy.com/p/831814/issues/index?resultDataId=131451630738,594,venv/lib/python3.12/site-packages/sympy/solvers/ode/ode.py,Semgrep_python.lang.security.dangerous-globals-use.dangerous-globals-use,,,
f89c961b-b460-49d0-8998-03f052752603,Critical,Found non static data as an index to 'globals()'. This is extremely dangerous because it allows an attacker to execute arbitrary code on the system.,runexusiam,Codacy,2026-03-08T11:00:04.290Z,,https://app.codacy.com/p/831814/issues/index?resultDataId=131451630734,658,venv/lib/python3.12/site-packages/sympy/solvers/ode/ode.py,Semgrep_python.lang.security.dangerous-globals-use.dangerous-globals-use,,,
5db03500-6ed4-4ca1-a98e-beb57f269c40,Critical,Found non static data as an index to 'globals()'. This is extremely dangerous because it allows an attacker to execute arbitrary code on the system.,runexusiam,Codacy,2026-03-08T11:00:04.290Z,,https://app.codacy.com/p/831814/issues/index?resultDataId=131451630736,592,venv/lib/python3.12/site-packages/sympy/solvers/ode/ode.py,Semgrep_python.lang.security.dangerous-globals-use.dangerous-globals-use,,,
02bb211f-b8ef-4b56-8055-653b0908c2d1,Critical,Use of eval,runexusiam,Codacy,2026-03-08T11:00:04.290Z,,https://app.codacy.com/p/831814/issues/index?resultDataId=131451652194,777,venv/lib/python3.12/site-packages/mpmath/identification.py,PyLintPython3_W0123,,,
e08476b6-2cb4-4de4-bbfe-b462edb23b08,Critical,The application was found calling the `eval` function with non-literal data.,runexusiam,Codacy,2026-03-08T11:00:04.290Z,,https://app.codacy.com/p/831814/issues/index?resultDataId=131451636154,777,venv/lib/python3.12/site-packages/mpmath/identification.py,Semgrep_python_eval_rule-eval,,,
feae88cf-d34c-4bca-a682-7ae3bb2dd63d,Critical,"Avoid using `pickle`, which is known to lead to code execution vulnerabilities.",runexusiam,Codacy,2026-03-08T11:00:04.290Z,,https://app.codacy.com/p/831814/issues/index?resultDataId=131451617546,827,src/ethics-pyramid/venv/lib/python3.12/site-packages/numpy/lib/format.py,Semgrep_python.lang.security.deserialization.pickle.avoid-pickle,,,
1abc423e-ecf3-4d24-8eba-73864a6d6c19,Critical,"Avoid using `pickle`, which is known to lead to code execution vulnerabilities.",runexusiam,Codacy,2026-03-08T11:00:04.290Z,,https://app.codacy.com/p/831814/issues/index?resultDataId=131451617553,746,src/ethics-pyramid/venv/lib/python3.12/site-packages/numpy/lib/format.py,Semgrep_python.lang.security.deserialization.pickle.avoid-pickle,,,
e3896115-0d86-4977-838a-d3c9101e7bd3,Critical,Detected the use of eval(). eval() can be dangerous if used to evaluate dynamic content.,runexusiam,Codacy,2026-03-08T11:00:04.290Z,,https://app.codacy.com/p/831814/issues/index?resultDataId=131451636153,777,venv/lib/python3.12/site-packages/mpmath/identification.py,Semgrep_python.lang.security.audit.eval-detected.eval-detected,,,
f79e0455-1a28-41ef-847d-09e14103b167,Critical,The application was found using `pickle` which is vulnerable to deserialization attacks.,runexusiam,Codacy,2026-03-08T11:00:04.290Z,,https://app.codacy.com/p/831814/issues/index?resultDataId=131451617544,827,src/ethics-pyramid/venv/lib/python3.12/site-packages/numpy/lib/format.py,Semgrep_python_deserialization_rule-pickle,,,
3f10cd03-5ef1-4328-b25a-b2e774082894,Critical,The application was found calling the `eval` function with non-literal data.,runexusiam,Codacy,2026-03-08T11:00:04.290Z,,https://app.codacy.com/p/831814/issues/index?resultDataId=131451645558,1910,venv/lib/python3.12/site-packages/sympy/polys/ring_series.py,Semgrep_python_eval_rule-eval,,,
d7a27a90-a172-487b-8536-d68d0605bc2f,Critical,Use of eval,runexusiam,Codacy,2026-03-08T11:00:04.290Z,,https://app.codacy.com/p/831814/issues/index?resultDataId=131451666825,1910,venv/lib/python3.12/site-packages/sympy/polys/ring_series.py,PyLintPython3_W0123,,,
08a8fafb-90e1-44f0-a671-d7de39faac7d,Critical,Detected the use of eval(). eval() can be dangerous if used to evaluate dynamic content.,runexusiam,Codacy,2026-03-08T11:00:04.290Z,,https://app.codacy.com/p/831814/issues/index?resultDataId=131451645559,1910,venv/lib/python3.12/site-packages/sympy/polys/ring_series.py,Semgrep_python.lang.security.audit.eval-detected.eval-detected,,,
bc4b3ee3-5418-4430-8ab9-85891a96ec80,Critical,Detected subprocess function 'run' without a static string.,runexusiam,Codacy,2026-03-08T11:00:04.290Z,,https://app.codacy.com/p/831814/issues/index?resultDataId=131451689379,136,src/ethics-pyramid/venv/lib/python3.12/site-packages/pip/_internal/network/auth.py,Semgrep_python.lang.security.audit.dangerous-subprocess-use-audit.dangerous-subprocess-use-audit,,,
b2fb0bef-a0f5-41fb-b3a2-96f9b8edd8e2,Critical,Detected subprocess function 'run' without a static string.,runexusiam,Codacy,2026-03-08T11:00:04.290Z,,https://app.codacy.com/p/831814/issues/index?resultDataId=131451689374,152,src/ethics-pyramid/venv/lib/python3.12/site-packages/pip/_internal/network/auth.py,Semgrep_python.lang.security.audit.dangerous-subprocess-use-audit.dangerous-subprocess-use-audit,,,
0f7a18b5-23ce-4ab0-b0dc-073f1a065036,Critical,Use of eval,runexusiam,Codacy,2026-03-08T11:00:04.290Z,,https://app.codacy.com/p/831814/issues/index?resultDataId=131451656303,420,src/ethics-pyramid/venv/lib/python3.12/site-packages/numpy/tests/test_public_api.py,PyLintPython3_W0123,,,
a84dfa1b-2e75-4b4d-b8b3-eb7a712103ab,Critical,"Avoid using `dill`, which uses `pickle`, which is known to lead to code execution vulnerabilities.",runexusiam,Codacy,2026-03-08T11:00:04.290Z,,https://app.codacy.com/p/831814/issues/index?resultDataId=131451581412,249,venv/lib/python3.12/site-packages/qiskit/passmanager/passmanager.py,Semgrep_python.lang.security.deserialization.pickle.avoid-dill,,,
7479e282-911b-4f50-b6fc-431373e52025,Critical,"Avoid using `dill`, which uses `pickle`, which is known to lead to code execution vulnerabilities.",runexusiam,Codacy,2026-03-08T11:00:04.290Z,,https://app.codacy.com/p/831814/issues/index?resultDataId=131451581416,332,venv/lib/python3.12/site-packages/qiskit/passmanager/passmanager.py,Semgrep_python.lang.security.deserialization.pickle.avoid-dill,,,
d2b7ad41-3459-43e2-90f3-c48e6faec859,Critical,The application was found using `dill` which is vulnerable to deserialization attacks.,runexusiam,Codacy,2026-03-08T11:00:04.290Z,,https://app.codacy.com/p/831814/issues/index?resultDataId=131451581417,249,venv/lib/python3.12/site-packages/qiskit/passmanager/passmanager.py,Semgrep_python_deserialization_rule-dill,,,
623d270d-6018-4e8d-a1bc-c30ab1da3b64,Critical,"Avoid using `pickle`, which is known to lead to code execution vulnerabilities.",runexusiam,Codacy,2026-03-08T11:00:04.290Z,,https://app.codacy.com/p/831814/issues/index?resultDataId=131451628039,40,venv/lib/python3.12/site-packages/pandas/compat/compressors.py,Semgrep_python.lang.security.deserialization.pickle.avoid-pickle,,,
bf322e32-40ce-41e3-a8ae-1367ed548aa2,Critical,The application was found using `dill` which is vulnerable to deserialization attacks.,runexusiam,Codacy,2026-03-08T11:00:04.290Z,,https://app.codacy.com/p/831814/issues/index?resultDataId=131451581415,332,venv/lib/python3.12/site-packages/qiskit/passmanager/passmanager.py,Semgrep_python_deserialization_rule-dill,,,
95dc094a-6394-4f9d-919a-7cb7d6005aa5,Critical,Detected subprocess function 'STARTUPINFO' without a static string.,runexusiam,Codacy,2026-03-08T11:00:04.290Z,,https://app.codacy.com/p/831814/issues/index?resultDataId=131451639467,82,venv/lib/python3.12/site-packages/pandas/_version.py,Semgrep_python.lang.security.audit.dangerous-subprocess-use-audit.dangerous-subprocess-use-audit,,,
d1444f54-aff0-44e0-b971-1c363c313398,Critical,Detected subprocess function 'Popen' without a static string.,runexusiam,Codacy,2026-03-08T11:00:04.290Z,,https://app.codacy.com/p/831814/issues/index?resultDataId=131451639458,90,venv/lib/python3.12/site-packages/pandas/_version.py,Semgrep_python.lang.security.audit.dangerous-subprocess-use-audit.dangerous-subprocess-use-audit,,,
d2be87ae-aacc-43ea-80f0-ed531fd6eb67,Critical,"Avoid using `pickle`, which is known to lead to code execution vulnerabilities.",runexusiam,Codacy,2026-03-08T11:00:04.290Z,,https://app.codacy.com/p/831814/issues/index?resultDataId=131451641357,79,venv/lib/python3.12/site-packages/scipy/_lib/_uarray/_backend.py,Semgrep_python.lang.security.deserialization.pickle.avoid-pickle,,,
2242aff3-0d32-4729-9972-0e59b12fcbf4,Critical,Untrusted user input in `importlib.import_module()` function allows an attacker to load arbitrary code.,runexusiam,Codacy,2026-03-08T11:00:04.290Z,,https://app.codacy.com/p/831814/issues/index?resultDataId=131451641358,52,venv/lib/python3.12/site-packages/scipy/_lib/_uarray/_backend.py,Semgrep_python.lang.security.audit.non-literal-import.non-literal-import,,,
59380a31-3a50-4574-a062-6bc07930ac70,Critical,Detected subprocess function 'run' without a static string.,runexusiam,Codacy,2026-03-08T11:00:04.290Z,,https://app.codacy.com/p/831814/issues/index?resultDataId=131451617550,200,venv/lib/python3.12/site-packages/rustworkx/visualization/graphviz.py,Semgrep_python.lang.security.audit.dangerous-subprocess-use-audit.dangerous-subprocess-use-audit,,,
d5dba294-3eb1-4e6a-8ac6-1dd1382131bf,Critical,Detected subprocess function 'run' without a static string.,runexusiam,Codacy,2026-03-08T11:00:04.290Z,,https://app.codacy.com/p/831814/issues/index?resultDataId=131451617545,212,venv/lib/python3.12/site-packages/rustworkx/visualization/graphviz.py,Semgrep_python.lang.security.audit.dangerous-subprocess-use-audit.dangerous-subprocess-use-audit,,,
d22aa12c-63e2-4d2e-8e9f-a246786411d2,Critical,Use of eval,runexusiam,Codacy,2026-03-08T11:00:04.290Z,,https://app.codacy.com/p/831814/issues/index?resultDataId=131451652647,82,venv/lib/python3.12/site-packages/sympy/codegen/tests/test_algorithms.py,PyLintPython3_W0123,,,
0fc8b37a-ed24-4c6e-8b2b-e3a385552196,Critical,Detected the use of exec(). exec() can be dangerous if used to evaluate dynamic content.,runexusiam,Codacy,2026-03-08T11:00:04.290Z,,https://app.codacy.com/p/831814/issues/index?resultDataId=131451617521,711,venv/lib/python3.12/site-packages/dill/source.py,Semgrep_python.lang.security.audit.exec-detected.exec-detected,,,
0e2d1d1e-fffd-4ff2-a1bb-aef1b76d6cc1,Critical,"Avoid using `dill`, which uses `pickle`, which is known to lead to code execution vulnerabilities.",runexusiam,Codacy,2026-03-08T11:00:04.290Z,,https://app.codacy.com/p/831814/issues/index?resultDataId=131451617520,573,venv/lib/python3.12/site-packages/dill/source.py,Semgrep_python.lang.security.deserialization.pickle.avoid-dill,,,
4f31c64d-8dfa-406e-a099-4e49bcec346d,Critical,Detected the use of exec(). exec() can be dangerous if used to evaluate dynamic content.,runexusiam,Codacy,2026-03-08T11:00:04.290Z,,https://app.codacy.com/p/831814/issues/index?resultDataId=131451617523,541,venv/lib/python3.12/site-packages/dill/source.py,Semgrep_python.lang.security.audit.exec-detected.exec-detected,,,
b8e701e4-9134-43d4-8516-a255e5be9265,Critical,The application was found calling the `exec` function with a non-literal variable.,runexusiam,Codacy,2026-03-08T11:00:04.290Z,,https://app.codacy.com/p/831814/issues/index?resultDataId=131451617527,711,venv/lib/python3.12/site-packages/dill/source.py,Semgrep_python_exec_rule-exec-used,,,
5f840295-33ce-471f-91f8-225f28212495,Critical,The application was found calling the `eval` function with non-literal data.,runexusiam,Codacy,2026-03-08T11:00:04.290Z,,https://app.codacy.com/p/831814/issues/index?resultDataId=131451617526,395,venv/lib/python3.12/site-packages/dill/source.py,Semgrep_python_eval_rule-eval,,,
71b745ef-e583-4d35-a805-da5ec822ad5b,Critical,Detected the use of eval(). eval() can be dangerous if used to evaluate dynamic content.,runexusiam,Codacy,2026-03-08T11:00:04.290Z,,https://app.codacy.com/p/831814/issues/index?resultDataId=131451617518,60,venv/lib/python3.12/site-packages/dill/source.py,Semgrep_python.lang.security.audit.eval-detected.eval-detected,,,
3e3b22c3-647c-49c6-a729-55001049c9b0,Critical,Detected the use of eval(). eval() can be dangerous if used to evaluate dynamic content.,runexusiam,Codacy,2026-03-08T11:00:04.290Z,,https://app.codacy.com/p/831814/issues/index?resultDataId=131451617517,82,venv/lib/python3.12/site-packages/dill/source.py,Semgrep_python.lang.security.audit.eval-detected.eval-detected,,,
56126a2b-f74a-4b35-9437-8339f457602a,Critical,Use of eval,runexusiam,Codacy,2026-03-08T11:00:04.290Z,,https://app.codacy.com/p/831814/issues/index?resultDataId=131451659316,82,venv/lib/python3.12/site-packages/dill/source.py,PyLintPython3_W0123,,,
86f44291-8fd6-43e4-9012-2498d194e323,Critical,Use of eval,runexusiam,Codacy,2026-03-08T11:00:04.290Z,,https://app.codacy.com/p/831814/issues/index?resultDataId=131451659356,60,venv/lib/python3.12/site-packages/dill/source.py,PyLintPython3_W0123,,,
cedd2bac-eb93-4a8f-8aaa-cdd3f5a90c11,Critical,The application was found calling the `eval` function with non-literal data.,runexusiam,Codacy,2026-03-08T11:00:04.290Z,,https://app.codacy.com/p/831814/issues/index?resultDataId=131451617529,82,venv/lib/python3.12/site-packages/dill/source.py,Semgrep_python_eval_rule-eval,,,
09d0b1ef-6940-41b6-931f-6547e3b62fcc,Critical,Use of eval,runexusiam,Codacy,2026-03-08T11:00:04.290Z,,https://app.codacy.com/p/831814/issues/index?resultDataId=131451659344,395,venv/lib/python3.12/site-packages/dill/source.py,PyLintPython3_W0123,,,
c9e47a9c-e265-481a-8f9e-6e322d6624e9,Critical,The application was found using `dill` which is vulnerable to deserialization attacks.,runexusiam,Codacy,2026-03-08T11:00:04.290Z,,https://app.codacy.com/p/831814/issues/index?resultDataId=131451617522,573,venv/lib/python3.12/site-packages/dill/source.py,Semgrep_python_deserialization_rule-dill,,,
86b40b64-53bb-4084-a784-c0f7ff497452,Critical,Detected the use of eval(). eval() can be dangerous if used to evaluate dynamic content.,runexusiam,Codacy,2026-03-08T11:00:04.290Z,,https://app.codacy.com/p/831814/issues/index?resultDataId=131451617519,395,venv/lib/python3.12/site-packages/dill/source.py,Semgrep_python.lang.security.audit.eval-detected.eval-detected,,,
ad5c1d03-ad21-4520-82c8-f8ffefebdda5,Critical,The application was found calling the `exec` function with a non-literal variable.,runexusiam,Codacy,2026-03-08T11:00:04.290Z,,https://app.codacy.com/p/831814/issues/index?resultDataId=131451617524,541,venv/lib/python3.12/site-packages/dill/source.py,Semgrep_python_exec_rule-exec-used,,,
2dddb468-0e69-42b8-92d5-a310415e40e9,Critical,The application was found calling the `eval` function with non-literal data.,runexusiam,Codacy,2026-03-08T11:00:04.290Z,,https://app.codacy.com/p/831814/issues/index?resultDataId=131451617528,60,venv/lib/python3.12/site-packages/dill/source.py,Semgrep_python_eval_rule-eval,,,
c914320d-1880-4f4f-9635-9b13bc91f67e,Critical,The application was found calling the `exec` function with a non-literal variable.,runexusiam,Codacy,2026-03-08T11:00:04.290Z,,https://app.codacy.com/p/831814/issues/index?resultDataId=131451611385,249,venv/lib/python3.12/site-packages/sympy/benchmarks/bench_meijerint.py,Semgrep_python_exec_rule-exec-used,,,
e0eb5a11-aa97-4b3c-8fdb-3bbeb85bdde4,Critical,Detected the use of exec(). exec() can be dangerous if used to evaluate dynamic content.,runexusiam,Codacy,2026-03-08T11:00:04.290Z,,https://app.codacy.com/p/831814/issues/index?resultDataId=131451611383,249,venv/lib/python3.12/site-packages/sympy/benchmarks/bench_meijerint.py,Semgrep_python.lang.security.audit.exec-detected.exec-detected,,,
246c53a3-dbd4-4005-ad7a-746a9ce49e83,Critical,Detected subprocess function 'Popen' without a static string.,runexusiam,Codacy,2026-03-08T11:00:04.290Z,,https://app.codacy.com/p/831814/issues/index?resultDataId=131451585992,250,venv/lib/python3.12/site-packages/sympy/testing/runtests.py,Semgrep_python.lang.security.audit.dangerous-subprocess-use-audit.dangerous-subprocess-use-audit,,,
faf065aa-e529-4f65-8491-404b6ae11d60,Critical,The application was found calling the `exec` function with a non-literal variable.,runexusiam,Codacy,2026-03-08T11:00:04.290Z,,https://app.codacy.com/p/831814/issues/index?resultDataId=131451585998,1242,venv/lib/python3.12/site-packages/sympy/testing/runtests.py,Semgrep_python_exec_rule-exec-used,,,
5cef1c99-ef6d-44d0-adfd-690961763726,Critical,Detected the use of exec(). exec() can be dangerous if used to evaluate dynamic content.,runexusiam,Codacy,2026-03-08T11:00:04.290Z,,https://app.codacy.com/p/831814/issues/index?resultDataId=131451585993,1242,venv/lib/python3.12/site-packages/sympy/testing/runtests.py,Semgrep_python.lang.security.audit.exec-detected.exec-detected,,,
a600cdc2-d0f0-4e25-ab84-f35f3711cb40,Critical,Detected subprocess function 'Popen' without a static string.,runexusiam,Codacy,2026-03-08T11:00:04.290Z,,https://app.codacy.com/p/831814/issues/index?resultDataId=131451585995,271,venv/lib/python3.12/site-packages/sympy/testing/runtests.py,Semgrep_python.lang.security.audit.dangerous-subprocess-use-audit.dangerous-subprocess-use-audit,,,
2d896290-612a-4afa-a3dc-f82ad5372305,Critical,Detected subprocess function 'Popen' without a static string.,runexusiam,Codacy,2026-03-08T11:00:04.290Z,,https://app.codacy.com/p/831814/issues/index?resultDataId=131451617556,190,venv/lib/python3.12/site-packages/sympy/utilities/_compilation/runners.py,Semgrep_python.lang.security.audit.dangerous-subprocess-use-audit.dangerous-subprocess-use-audit,,,
987bc1a8-80c7-4dcc-8c4f-8702ebedf3b0,Critical,Untrusted user input in `importlib.import_module()` function allows an attacker to load arbitrary code.,runexusiam,Codacy,2026-03-08T11:00:04.290Z,,https://app.codacy.com/p/831814/issues/index?resultDataId=131451685825,114,src/ethics-pyramid/venv/lib/python3.12/site-packages/pip/_internal/commands/__init__.py,Semgrep_python.lang.security.audit.non-literal-import.non-literal-import,,,
50d792c5-4ebc-4436-96ad-69c16dacd47c,Critical,Detected the use of exec(). exec() can be dangerous if used to evaluate dynamic content.,runexusiam,Codacy,2026-03-08T11:00:04.290Z,,https://app.codacy.com/p/831814/issues/index?resultDataId=131451639149,318,venv/lib/python3.12/site-packages/setuptools/build_meta.py,Semgrep_python.lang.security.audit.exec-detected.exec-detected,,,
3d1e94e2-3172-46ea-83bd-a719e4d4ba81,Critical,The application was found calling the `exec` function with a non-literal variable.,runexusiam,Codacy,2026-03-08T11:00:04.290Z,,https://app.codacy.com/p/831814/issues/index?resultDataId=131451639154,318,venv/lib/python3.12/site-packages/setuptools/build_meta.py,Semgrep_python_exec_rule-exec-used,,,
042499fe-7c0c-40ce-a7cb-9bfaa3e0f8fc,Critical,Detected subprocess function 'check_call' without a static string.,runexusiam,Codacy,2026-03-08T11:00:04.290Z,,https://app.codacy.com/p/831814/issues/index?resultDataId=131451620437,239,src/ethics-pyramid/venv/lib/python3.12/site-packages/pip/_internal/commands/configuration.py,Semgrep_python.lang.security.audit.dangerous-subprocess-use-audit.dangerous-subprocess-use-audit,,,
a69d6138-32e6-40bb-b672-758f7db45702,Critical,Detected subprocess function 'check_call' with user controlled data.,runexusiam,Codacy,2026-03-08T11:00:04.290Z,,https://app.codacy.com/p/831814/issues/index?resultDataId=131451620432,239,src/ethics-pyramid/venv/lib/python3.12/site-packages/pip/_internal/commands/configuration.py,Semgrep_python.lang.security.audit.dangerous-subprocess-use-tainted-env-args.dangerous-subprocess-use-tainted-env-args,,,
0a911cf1-9d8b-4695-b2b1-89f9999fb31c,Critical,Detected subprocess function 'list2cmdline' without a static string.,runexusiam,Codacy,2026-03-08T11:00:04.290Z,,https://app.codacy.com/p/831814/issues/index?resultDataId=131451690749,2120,venv/lib/python3.12/site-packages/setuptools/command/easy_install.py,Semgrep_python.lang.security.audit.dangerous-subprocess-use-audit.dangerous-subprocess-use-audit,,,
4976f0ce-4ee8-46a7-8159-04f9a1919063,Critical,Use of eval,runexusiam,Codacy,2026-03-08T11:00:04.290Z,,https://app.codacy.com/p/831814/issues/index?resultDataId=131451688506,43,venv/lib/python3.12/site-packages/sympy/printing/tests/test_lambdarepr.py,PyLintPython3_W0123,,,
c3466afa-e9d6-45af-940d-979027e41372,Critical,Found non static data as an index to 'globals()'. This is extremely dangerous because it allows an attacker to execute arbitrary code on the system.,runexusiam,Codacy,2026-03-08T11:00:04.290Z,,https://app.codacy.com/p/831814/issues/index?resultDataId=131451690748,1092,venv/lib/python3.12/site-packages/setuptools/command/easy_install.py,Semgrep_python.lang.security.dangerous-globals-use.dangerous-globals-use,,,
cba28ba2-3cc2-4730-b945-fdfa0fe8a5fc,Critical,Detected subprocess function 'list2cmdline' without a static string.,runexusiam,Codacy,2026-03-08T11:00:04.290Z,,https://app.codacy.com/p/831814/issues/index?resultDataId=131451690754,2093,venv/lib/python3.12/site-packages/setuptools/command/easy_install.py,Semgrep_python.lang.security.audit.dangerous-subprocess-use-audit.dangerous-subprocess-use-audit,,,
19d6e1eb-a136-4d8e-ae55-89abf3e702ea,Critical,Found non static data as an index to 'globals()'. This is extremely dangerous because it allows an attacker to execute arbitrary code on the system.,runexusiam,Codacy,2026-03-08T11:00:04.290Z,,https://app.codacy.com/p/831814/issues/index?resultDataId=131451690756,1096,venv/lib/python3.12/site-packages/setuptools/command/easy_install.py,Semgrep_python.lang.security.dangerous-globals-use.dangerous-globals-use,,,
4bb419f2-cdd7-4d54-9fe5-e670191e926c,Critical,Found dynamic content when spawning a process.,runexusiam,Codacy,2026-03-08T11:00:04.290Z,,https://app.codacy.com/p/831814/issues/index?resultDataId=131451598319,47,venv/lib/python3.12/site-packages/sympy/printing/preview.py,Semgrep_python.lang.security.audit.dangerous-spawn-process-audit.dangerous-spawn-process-audit,,,
79b46f9d-1428-400b-9869-ace6a795780a,Critical,Detected subprocess function 'list2cmdline' without a static string.,runexusiam,Codacy,2026-03-08T11:00:04.290Z,,https://app.codacy.com/p/831814/issues/index?resultDataId=131451690750,2007,venv/lib/python3.12/site-packages/setuptools/command/easy_install.py,Semgrep_python.lang.security.audit.dangerous-subprocess-use-audit.dangerous-subprocess-use-audit,,,
c274fa82-4e52-4e28-b158-dc007f86fe64,Critical,Found dynamic content when spawning a process.,runexusiam,Codacy,2026-03-08T11:00:04.290Z,,https://app.codacy.com/p/831814/issues/index?resultDataId=131451598311,47,venv/lib/python3.12/site-packages/sympy/printing/preview.py,Semgrep_python_exec_rule-start-process-with-no-shell,,,
ec5c7fed-6ece-465b-ba9a-5db0dee9e437,Critical,Detected subprocess function 'check_output' without a static string.,runexusiam,Codacy,2026-03-08T11:00:04.290Z,,https://app.codacy.com/p/831814/issues/index?resultDataId=131451598315,25,venv/lib/python3.12/site-packages/sympy/printing/preview.py,Semgrep_python.lang.security.audit.dangerous-subprocess-use-audit.dangerous-subprocess-use-audit,,,
9f977d93-666a-40b9-8f3b-c8017abb12fc,Critical,Use of eval,runexusiam,Codacy,2026-03-08T11:00:04.290Z,,https://app.codacy.com/p/831814/issues/index?resultDataId=131451647041,825,venv/lib/python3.12/site-packages/sympy/matrices/tests/test_commonmatrix.py,PyLintPython3_W0123,,,
46cf77fd-feb1-481a-872b-91d97b3f5626,Critical,Use of eval,runexusiam,Codacy,2026-03-08T11:00:04.290Z,,https://app.codacy.com/p/831814/issues/index?resultDataId=131451647050,894,venv/lib/python3.12/site-packages/sympy/matrices/tests/test_commonmatrix.py,PyLintPython3_W0123,,,
87a11b04-f15e-4625-a973-fb055cd0cc2c,Critical,Use of eval,runexusiam,Codacy,2026-03-08T11:00:04.290Z,,https://app.codacy.com/p/831814/issues/index?resultDataId=131451647055,864,venv/lib/python3.12/site-packages/sympy/matrices/tests/test_commonmatrix.py,PyLintPython3_W0123,,,
3f556bc9-91c8-4c8d-ae4a-ce4ba89c5aa3,Critical,Use of eval,runexusiam,Codacy,2026-03-08T11:00:04.290Z,,https://app.codacy.com/p/831814/issues/index?resultDataId=131451647046,902,venv/lib/python3.12/site-packages/sympy/matrices/tests/test_commonmatrix.py,PyLintPython3_W0123,,,
b13bd26e-4eac-408c-8940-5b27f8a9e7cc,Critical,Detected subprocess function 'run' without a static string.,runexusiam,Codacy,2026-03-08T11:00:04.290Z,,https://app.codacy.com/p/831814/issues/index?resultDataId=131451623094,242,venv/lib/python3.12/site-packages/numpy/f2py/_backends/_meson.py,Semgrep_python.lang.security.audit.dangerous-subprocess-use-audit.dangerous-subprocess-use-audit,,,
e6e1bf37-2640-4bdd-9e7f-e15eba6839c5,Critical,The application was found calling the `exec` function with a non-literal variable.,runexusiam,Codacy,2026-03-08T11:00:04.290Z,,https://app.codacy.com/p/831814/issues/index?resultDataId=131451577543,71,venv/lib/python3.12/site-packages/dill/temp.py,Semgrep_python_exec_rule-exec-used,,,
8d7cdfa0-15a2-436e-b44f-b4621b821a65,Critical,"Avoid using `dill`, which uses `pickle`, which is known to lead to code execution vulnerabilities.",runexusiam,Codacy,2026-03-08T11:00:04.290Z,,https://app.codacy.com/p/831814/issues/index?resultDataId=131451577532,133,venv/lib/python3.12/site-packages/dill/temp.py,Semgrep_python.lang.security.deserialization.pickle.avoid-dill,,,
3b62fcf8-6de8-4a63-a693-05e37ab5268c,Critical,"Avoid using `dill`, which uses `pickle`, which is known to lead to code execution vulnerabilities.",runexusiam,Codacy,2026-03-08T11:00:04.290Z,,https://app.codacy.com/p/831814/issues/index?resultDataId=131451577542,163,venv/lib/python3.12/site-packages/dill/temp.py,Semgrep_python.lang.security.deserialization.pickle.avoid-dill,,,
905c7048-3759-4c7b-8c60-04b269c201d0,Critical,"Avoid using `pickle`, which is known to lead to code execution vulnerabilities.",runexusiam,Codacy,2026-03-08T11:00:04.290Z,,https://app.codacy.com/p/831814/issues/index?resultDataId=131451577539,133,venv/lib/python3.12/site-packages/dill/temp.py,Semgrep_python.lang.security.deserialization.pickle.avoid-pickle,,,
fa0cda52-a855-411e-85f3-d2350da0376b,Critical,The application was found using `dill` which is vulnerable to deserialization attacks.,runexusiam,Codacy,2026-03-08T11:00:04.290Z,,https://app.codacy.com/p/831814/issues/index?resultDataId=131451577536,133,venv/lib/python3.12/site-packages/dill/temp.py,Semgrep_python_deserialization_rule-dill,,,
abb69cd9-32c6-40b7-8bd9-3499683d5b06,Critical,Detected the use of eval(). eval() can be dangerous if used to evaluate dynamic content.,runexusiam,Codacy,2026-03-08T11:00:04.290Z,,https://app.codacy.com/p/831814/issues/index?resultDataId=131451577529,72,venv/lib/python3.12/site-packages/dill/temp.py,Semgrep_python.lang.security.audit.eval-detected.eval-detected,,,
b94dc04b-9763-478a-988d-ebd2115b77b3,Critical,The application was found using `pickle` which is vulnerable to deserialization attacks.,runexusiam,Codacy,2026-03-08T11:00:04.290Z,,https://app.codacy.com/p/831814/issues/index?resultDataId=131451577535,180,venv/lib/python3.12/site-packages/dill/temp.py,Semgrep_python_deserialization_rule-pickle,,,
132489e7-7bef-493c-ad12-c2023e2c3b94,Critical,"Avoid using `pickle`, which is known to lead to code execution vulnerabilities.",runexusiam,Codacy,2026-03-08T11:00:04.290Z,,https://app.codacy.com/p/831814/issues/index?resultDataId=131451577538,180,venv/lib/python3.12/site-packages/dill/temp.py,Semgrep_python.lang.security.deserialization.pickle.avoid-pickle,,,
d296dece-68c5-4b54-bdb8-5956baece110,Critical,The application was found using `dill` which is vulnerable to deserialization attacks.,runexusiam,Codacy,2026-03-08T11:00:04.290Z,,https://app.codacy.com/p/831814/issues/index?resultDataId=131451577540,180,venv/lib/python3.12/site-packages/dill/temp.py,Semgrep_python_deserialization_rule-dill,,,
d2b0ede3-7023-4556-bb64-9469ee1e85cc,Critical,Detected the use of exec(). exec() can be dangerous if used to evaluate dynamic content.,runexusiam,Codacy,2026-03-08T11:00:04.290Z,,https://app.codacy.com/p/831814/issues/index?resultDataId=131451577537,71,venv/lib/python3.12/site-packages/dill/temp.py,Semgrep_python.lang.security.audit.exec-detected.exec-detected,,,
3a358fb5-7266-4a44-b784-4df780bd1111,Critical,"Avoid using `dill`, which uses `pickle`, which is known to lead to code execution vulnerabilities.",runexusiam,Codacy,2026-03-08T11:00:04.290Z,,https://app.codacy.com/p/831814/issues/index?resultDataId=131451577527,180,venv/lib/python3.12/site-packages/dill/temp.py,Semgrep_python.lang.security.deserialization.pickle.avoid-dill,,,
f1d3506f-b4ab-4716-84f6-d97d183bbcd6,Critical,The application was found calling the `eval` function with non-literal data.,runexusiam,Codacy,2026-03-08T11:00:04.290Z,,https://app.codacy.com/p/831814/issues/index?resultDataId=131451577530,72,venv/lib/python3.12/site-packages/dill/temp.py,Semgrep_python_eval_rule-eval,,,
0e63234e-0135-4e72-a799-940fe4fe15b7,Critical,The application was found using `pickle` which is vulnerable to deserialization attacks.,runexusiam,Codacy,2026-03-08T11:00:04.290Z,,https://app.codacy.com/p/831814/issues/index?resultDataId=131451577528,133,venv/lib/python3.12/site-packages/dill/temp.py,Semgrep_python_deserialization_rule-pickle,,,
bf6bd67c-5cb7-4f32-8c96-1064ede5f01e,Critical,Detected subprocess function 'check_output' without a static string.,runexusiam,Codacy,2026-03-08T11:00:04.290Z,,https://app.codacy.com/p/831814/issues/index?resultDataId=131451604767,53,venv/lib/python3.12/site-packages/sympy/parsing/autolev/_build_autolev_antlr.py,Semgrep_python.lang.security.audit.dangerous-subprocess-use-audit.dangerous-subprocess-use-audit,,,
6d902571-5293-49c5-9363-e264d3e89cb9,Critical,The application was found using `dill` which is vulnerable to deserialization attacks.,runexusiam,Codacy,2026-03-08T11:00:04.290Z,,https://app.codacy.com/p/831814/issues/index?resultDataId=131451577533,163,venv/lib/python3.12/site-packages/dill/temp.py,Semgrep_python_deserialization_rule-dill,,,
cf88a71a-972d-4a3f-a965-8c4b776bbafc,Critical,"Avoid using `pickle`, which is known to lead to code execution vulnerabilities.",runexusiam,Codacy,2026-03-08T11:00:04.290Z,,https://app.codacy.com/p/831814/issues/index?resultDataId=131451577534,163,venv/lib/python3.12/site-packages/dill/temp.py,Semgrep_python.lang.security.deserialization.pickle.avoid-pickle,,,
5bfe7067-e9be-43f2-b68a-0654721a1dd9,Critical,Detected the use of eval(). eval() can be dangerous if used to evaluate dynamic content.,runexusiam,Codacy,2026-03-08T11:00:04.290Z,,https://app.codacy.com/p/831814/issues/index?resultDataId=131451617543,646,venv/lib/python3.12/site-packages/numpy/f2py/auxfuncs.py,Semgrep_python.lang.security.audit.eval-detected.eval-detected,,,
e3101f1e-81fa-46ae-ab33-9188ed577440,Critical,Detected the use of eval(). eval() can be dangerous if used to evaluate dynamic content.,runexusiam,Codacy,2026-03-08T11:00:04.290Z,,https://app.codacy.com/p/831814/issues/index?resultDataId=131451617540,638,venv/lib/python3.12/site-packages/numpy/f2py/auxfuncs.py,Semgrep_python.lang.security.audit.eval-detected.eval-detected,,,
04f04e45-0767-44dc-8054-6dbf4a248c40,Critical,Untrusted user input in `importlib.import_module()` function allows an attacker to load arbitrary code.,runexusiam,Codacy,2026-03-08T11:00:04.290Z,,https://app.codacy.com/p/831814/issues/index?resultDataId=131451630716,114,venv/lib/python3.12/site-packages/pip/_internal/commands/__init__.py,Semgrep_python.lang.security.audit.non-literal-import.non-literal-import,,,
508ae18d-a9fe-4e23-ba65-3585d7d83390,Critical,"Avoid using `pickle`, which is known to lead to code execution vulnerabilities.",runexusiam,Codacy,2026-03-08T11:00:04.290Z,,https://app.codacy.com/p/831814/issues/index?resultDataId=131451603287,252,venv/lib/python3.12/site-packages/numpy/_core/_methods.py,Semgrep_python.lang.security.deserialization.pickle.avoid-pickle,,,
8eb541e3-5548-4423-b6d0-ef649b87dc2c,Critical,"Avoid using `pickle`, which is known to lead to code execution vulnerabilities.",runexusiam,Codacy,2026-03-08T11:00:04.290Z,,https://app.codacy.com/p/831814/issues/index?resultDataId=131451603284,255,venv/lib/python3.12/site-packages/numpy/_core/_methods.py,Semgrep_python.lang.security.deserialization.pickle.avoid-pickle,,,
a1fb1727-2883-4275-8889-cac1c29ffe85,Critical,Use of eval,runexusiam,Codacy,2026-03-08T11:00:04.290Z,,https://app.codacy.com/p/831814/issues/index?resultDataId=131451666798,85,venv/lib/python3.12/site-packages/sympy/physics/units/tests/test_prefixes.py,PyLintPython3_W0123,,,
48a844ae-5db1-4ed3-8b25-a436ac3e86e2,Critical,Use of eval,runexusiam,Codacy,2026-03-08T11:00:04.290Z,,https://app.codacy.com/p/831814/issues/index?resultDataId=131451666768,86,venv/lib/python3.12/site-packages/sympy/physics/units/tests/test_prefixes.py,PyLintPython3_W0123,,,
60e8c530-b2dd-4cc3-bad4-53bda71f50d8,Critical,The application was found using `pickle` which is vulnerable to deserialization attacks.,runexusiam,Codacy,2026-03-08T11:00:04.290Z,,https://app.codacy.com/p/831814/issues/index?resultDataId=131451661924,74,venv/lib/python3.12/site-packages/scipy/datasets/_fetchers.py,Semgrep_python_deserialization_rule-pickle,,,
25bdf1c8-fb2e-48e7-8dba-937bc10480dc,Critical,"Avoid using `pickle`, which is known to lead to code execution vulnerabilities.",runexusiam,Codacy,2026-03-08T11:00:04.290Z,,https://app.codacy.com/p/831814/issues/index?resultDataId=131451661926,74,venv/lib/python3.12/site-packages/scipy/datasets/_fetchers.py,Semgrep_python.lang.security.deserialization.pickle.avoid-pickle,,,
d9128bb5-d2d7-48bb-a876-bc3ce8d2bab0,Critical,Detected the use of exec(). exec() can be dangerous if used to evaluate dynamic content.,runexusiam,Codacy,2026-03-08T11:00:04.290Z,,https://app.codacy.com/p/831814/issues/index?resultDataId=131451604762,96,venv/lib/python3.12/site-packages/sympy/abc.py,Semgrep_python.lang.security.audit.exec-detected.exec-detected,,,
2c63dca3-893a-47d7-bc29-0246e0f14bf5,Critical,The application was found calling the `exec` function with a non-literal variable.,runexusiam,Codacy,2026-03-08T11:00:04.290Z,,https://app.codacy.com/p/831814/issues/index?resultDataId=131451604763,96,venv/lib/python3.12/site-packages/sympy/abc.py,Semgrep_python_exec_rule-exec-used,,,
57ab3ec6-933d-47e1-a12c-35e6ef28980e,Critical,Detected subprocess function 'run' without a static string.,runexusiam,Codacy,2026-03-08T11:00:04.290Z,,https://app.codacy.com/p/831814/issues/index?resultDataId=131451620431,52,venv/lib/python3.12/site-packages/packaging/_musllinux.py,Semgrep_python.lang.security.audit.dangerous-subprocess-use-audit.dangerous-subprocess-use-audit,,,
49488057-b932-426c-a213-1f445a81bb1f,Critical,"Avoid using `pickle`, which is known to lead to code execution vulnerabilities.",runexusiam,Codacy,2026-03-08T11:00:04.290Z,,https://app.codacy.com/p/831814/issues/index?resultDataId=131451646105,255,src/ethics-pyramid/venv/lib/python3.12/site-packages/numpy/_core/_methods.py,Semgrep_python.lang.security.deserialization.pickle.avoid-pickle,,,
68450e23-f2a5-4211-bcab-8fec3174d728,Critical,"Avoid using `pickle`, which is known to lead to code execution vulnerabilities.",runexusiam,Codacy,2026-03-08T11:00:04.290Z,,https://app.codacy.com/p/831814/issues/index?resultDataId=131451646104,252,src/ethics-pyramid/venv/lib/python3.12/site-packages/numpy/_core/_methods.py,Semgrep_python.lang.security.deserialization.pickle.avoid-pickle,,,
ef24f0fe-dedd-4fd8-84ce-45b7283f5b39,Critical,Use of eval,runexusiam,Codacy,2026-03-08T11:00:04.290Z,,https://app.codacy.com/p/831814/issues/index?resultDataId=131451583244,67,src/ethics-pyramid/venv/lib/python3.12/site-packages/numpy/_core/tests/test_umath_accuracy.py,PyLintPython3_W0123,,,
63a42aad-aa16-46cb-a0d4-d1663bdfd3e9,Critical,Use of eval,runexusiam,Codacy,2026-03-08T11:00:04.290Z,,https://app.codacy.com/p/831814/issues/index?resultDataId=131451583200,66,src/ethics-pyramid/venv/lib/python3.12/site-packages/numpy/_core/tests/test_umath_accuracy.py,PyLintPython3_W0123,,,
e0173911-c9bf-46a2-bf25-7b13a8edb861,Critical,Use of eval,runexusiam,Codacy,2026-03-08T11:00:04.290Z,,https://app.codacy.com/p/831814/issues/index?resultDataId=131451694570,301,venv/lib/python3.12/site-packages/scipy/sparse/csgraph/tests/test_graph_laplacian.py,PyLintPython3_W0123,,,
a77f84f0-ec80-4ca8-bb96-e8ea281c434b,Critical,Detected subprocess function 'check_call' without a static string.,runexusiam,Codacy,2026-03-08T11:00:04.290Z,,https://app.codacy.com/p/831814/issues/index?resultDataId=131451689373,871,venv/lib/python3.12/site-packages/setuptools/package_index.py,Semgrep_python.lang.security.audit.dangerous-subprocess-use-audit.dangerous-subprocess-use-audit,,,
3bebccfa-c089-43b1-b0f9-68b6b11a25d8,Critical,Detected subprocess function 'Popen' without a static string.,runexusiam,Codacy,2026-03-08T11:00:04.290Z,,https://app.codacy.com/p/831814/issues/index?resultDataId=131451639143,649,venv/lib/python3.12/site-packages/sympy/utilities/_compilation/compilation.py,Semgrep_python.lang.security.audit.dangerous-subprocess-use-audit.dangerous-subprocess-use-audit,,,
0a16cd8b-9a94-4ee8-8594-c6b67ed45af1,Critical,Detected subprocess function 'check_call' without a static string.,runexusiam,Codacy,2026-03-08T11:00:04.290Z,,https://app.codacy.com/p/831814/issues/index?resultDataId=131451689380,879,venv/lib/python3.12/site-packages/setuptools/package_index.py,Semgrep_python.lang.security.audit.dangerous-subprocess-use-audit.dangerous-subprocess-use-audit,,,
df8cfff9-4640-495e-9686-c9331a2635c0,Critical,Use of eval,runexusiam,Codacy,2026-03-08T11:00:04.290Z,,https://app.codacy.com/p/831814/issues/index?resultDataId=131451694576,303,venv/lib/python3.12/site-packages/scipy/sparse/csgraph/tests/test_graph_laplacian.py,PyLintPython3_W0123,,,
65455498-db79-46fd-87b0-2a70b11cb559,Critical,subprocess call - check for execution of untrusted input,runexusiam,Codacy,2026-03-08T11:00:04.290Z,,https://app.codacy.com/p/831814/issues/index?resultDataId=131451689376,871,venv/lib/python3.12/site-packages/setuptools/package_index.py,Semgrep_python_exec_rule-subprocess-call-array,,,
00504a2a-447e-4def-a3fe-d5e705b93f3d,Critical,Use of eval,runexusiam,Codacy,2026-03-08T11:00:04.290Z,,https://app.codacy.com/p/831814/issues/index?resultDataId=131451694575,44,venv/lib/python3.12/site-packages/scipy/sparse/csgraph/tests/test_graph_laplacian.py,PyLintPython3_W0123,,,
731ed468-a0a5-454f-80cb-2c8571a9a8e9,Critical,Detected usage of re.compile with an inefficient regular expression.,runexusiam,Codacy,2026-03-08T11:00:04.290Z,,https://app.codacy.com/p/831814/issues/index?resultDataId=131451583568,267,venv/lib/python3.12/site-packages/setuptools/config/_validate_pyproject/formats.py,Semgrep_python.lang.security.audit.regex-dos.regex_dos,,,
63061cfc-22f6-4b27-ad63-354f30e0aefc,Critical,Detected usage of re.compile with an inefficient regular expression.,runexusiam,Codacy,2026-03-08T11:00:04.290Z,,https://app.codacy.com/p/831814/issues/index?resultDataId=131451583571,57,venv/lib/python3.12/site-packages/setuptools/config/_validate_pyproject/formats.py,Semgrep_python.lang.security.audit.regex-dos.regex_dos,,,
7f2574c5-7cb3-43c6-9439-7daf826147ad,Critical,Use of eval,runexusiam,Codacy,2026-03-08T11:00:04.290Z,,https://app.codacy.com/p/831814/issues/index?resultDataId=131451657099,64,venv/lib/python3.12/site-packages/pandas/tests/indexes/multi/test_formats.py,PyLintPython3_W0123,,,
565b5aec-9528-4603-97b8-ce328e48119c,Critical,Does not check for buffer overflows when copying to destination (CWE-120).  Make sure destination can always hold the source data. ,runexusiam,Codacy,2026-03-08T11:00:04.290Z,,https://app.codacy.com/p/831814/issues/index?resultDataId=131451690746,125,venv/lib/python3.12/site-packages/pennylane_lightning/core/src/utils/RuntimeInfo.cpp,flawfinder_memcpy,,,
11ff5257-824e-4772-837e-97a64067305d,Critical,Does not check for buffer overflows when copying to destination (CWE-120).  Make sure destination can always hold the source data. ,runexusiam,Codacy,2026-03-08T11:00:04.290Z,,https://app.codacy.com/p/831814/issues/index?resultDataId=131451690747,123,venv/lib/python3.12/site-packages/pennylane_lightning/core/src/utils/RuntimeInfo.cpp,flawfinder_memcpy,,,
31a0696d-5fbb-4fdd-8b20-6445b64bc822,Critical,The `memcpy` family of functions require the developer to validate that the destination buffer is the same size or larger than the source buffer.,runexusiam,Codacy,2026-03-08T11:00:04.290Z,,https://app.codacy.com/p/831814/issues/index?resultDataId=131451673581,123,venv/lib/python3.12/site-packages/pennylane_lightning/core/src/utils/RuntimeInfo.cpp,Semgrep_c_buffer_rule-memcpy-CopyMemory,,,
a7bb6b14-95e3-49fe-8bba-7e5038320a95,Critical,Detected subprocess function 'check_call' without a static string.,runexusiam,Codacy,2026-03-08T11:00:04.290Z,,https://app.codacy.com/p/831814/issues/index?resultDataId=131451646108,70,venv/lib/python3.12/site-packages/setuptools/_distutils/spawn.py,Semgrep_python.lang.security.audit.dangerous-subprocess-use-audit.dangerous-subprocess-use-audit,,,
8ee206eb-d6b6-4ffe-99ab-1c27dce67c47,Critical,The `memcpy` family of functions require the developer to validate that the destination buffer is the same size or larger than the source buffer.,runexusiam,Codacy,2026-03-08T11:00:04.290Z,,https://app.codacy.com/p/831814/issues/index?resultDataId=131451673582,125,venv/lib/python3.12/site-packages/pennylane_lightning/core/src/utils/RuntimeInfo.cpp,Semgrep_c_buffer_rule-memcpy-CopyMemory,,,
64d11311-9b06-4b0f-a5da-80119613eba0,Critical,Detected subprocess function 'list2cmdline' without a static string.,runexusiam,Codacy,2026-03-08T11:00:04.290Z,,https://app.codacy.com/p/831814/issues/index?resultDataId=131451646106,60,venv/lib/python3.12/site-packages/setuptools/_distutils/spawn.py,Semgrep_python.lang.security.audit.dangerous-subprocess-use-audit.dangerous-subprocess-use-audit,,,
bf554aa9-731d-404b-834c-7ba93eaab3de,Critical,The `memcpy` family of functions require the developer to validate that the destination buffer is the same size or larger than the source buffer.,runexusiam,Codacy,2026-03-08T11:00:04.290Z,,https://app.codacy.com/p/831814/issues/index?resultDataId=131451673580,124,venv/lib/python3.12/site-packages/pennylane_lightning/core/src/utils/RuntimeInfo.cpp,Semgrep_c_buffer_rule-memcpy-CopyMemory,,,
31500080-6114-4415-a03f-80b40d2ab4be,Critical,Does not check for buffer overflows when copying to destination (CWE-120).  Make sure destination can always hold the source data. ,runexusiam,Codacy,2026-03-08T11:00:04.290Z,,https://app.codacy.com/p/831814/issues/index?resultDataId=131451690745,124,venv/lib/python3.12/site-packages/pennylane_lightning/core/src/utils/RuntimeInfo.cpp,flawfinder_memcpy,,,
21cbb000-ed65-41f7-8b86-34bf7efb441c,Critical,Untrusted user input in `importlib.import_module()` function allows an attacker to load arbitrary code.,runexusiam,Codacy,2026-03-08T11:00:04.290Z,,https://app.codacy.com/p/831814/issues/index?resultDataId=131451645503,37,venv/lib/python3.12/site-packages/pennylane/math/single_dispatch.py,Semgrep_python.lang.security.audit.non-literal-import.non-literal-import,,,
7c94bfbb-466c-44b9-b04d-e9fc97f69886,Critical,Detected subprocess function 'run' without a static string.,runexusiam,Codacy,2026-03-08T11:00:04.290Z,,https://app.codacy.com/p/831814/issues/index?resultDataId=131451617551,357,venv/lib/python3.12/site-packages/qiskit/utils/lazy_tester.py,Semgrep_python.lang.security.audit.dangerous-subprocess-use-audit.dangerous-subprocess-use-audit,,,
e9fa05e7-5362-47cc-8128-e22fb9063999,Critical,Untrusted user input in `importlib.import_module()` function allows an attacker to load arbitrary code.,runexusiam,Codacy,2026-03-08T11:00:04.290Z,,https://app.codacy.com/p/831814/issues/index?resultDataId=131451617549,289,venv/lib/python3.12/site-packages/qiskit/utils/lazy_tester.py,Semgrep_python.lang.security.audit.non-literal-import.non-literal-import,,,
ce2f0984-453d-4e07-9989-c14b30cc8c0f,Critical,The application was found calling the `exec` function with a non-literal variable.,runexusiam,Codacy,2026-03-08T11:00:04.290Z,,https://app.codacy.com/p/831814/issues/index?resultDataId=131451604777,402,venv/lib/python3.12/site-packages/sympy/polys/monomials.py,Semgrep_python_exec_rule-exec-used,,,
89257e6f-869d-4adb-bb96-fec41217b1e1,Critical,Detected the use of exec(). exec() can be dangerous if used to evaluate dynamic content.,runexusiam,Codacy,2026-03-08T11:00:04.290Z,,https://app.codacy.com/p/831814/issues/index?resultDataId=131451604775,402,venv/lib/python3.12/site-packages/sympy/polys/monomials.py,Semgrep_python.lang.security.audit.exec-detected.exec-detected,,,
61d1d2b8-603d-4471-97b1-64a949e2add9,Critical,Detected the use of exec(). exec() can be dangerous if used to evaluate dynamic content.,runexusiam,Codacy,2026-03-08T11:00:04.290Z,,https://app.codacy.com/p/831814/issues/index?resultDataId=131451576344,25,venv/lib/python3.12/site-packages/scipy/_lib/array_api_compat/dask/array/linalg.py,Semgrep_python.lang.security.audit.exec-detected.exec-detected,,,
ca2db3aa-ad5e-48cb-92de-c6f89bd2ed0b,Critical,The application was found calling the `exec` function with a non-literal variable.,runexusiam,Codacy,2026-03-08T11:00:04.290Z,,https://app.codacy.com/p/831814/issues/index?resultDataId=131451576343,25,venv/lib/python3.12/site-packages/scipy/_lib/array_api_compat/dask/array/linalg.py,Semgrep_python_exec_rule-exec-used,,,
7bc17c76-20a0-4f5b-a109-dd09f57f9e0d,Critical,Use of eval,runexusiam,Codacy,2026-03-08T11:00:04.290Z,,https://app.codacy.com/p/831814/issues/index?resultDataId=131451613780,181,venv/lib/python3.12/site-packages/mpmath/tests/test_linalg.py,PyLintPython3_W0123,,,
60585fe5-6e44-4b33-ac55-c92f583a4550,Critical,The application was found calling the `eval` function with non-literal data.,runexusiam,Codacy,2026-03-08T11:00:04.290Z,,https://app.codacy.com/p/831814/issues/index?resultDataId=131451675830,909,venv/lib/python3.12/site-packages/sympy/parsing/sympy_parser.py,Semgrep_python_eval_rule-eval,,,
a9a6dc6b-b19f-4e2b-a830-56ea78d95541,Critical,Use of eval,runexusiam,Codacy,2026-03-08T11:00:04.290Z,,https://app.codacy.com/p/831814/issues/index?resultDataId=131451607928,909,venv/lib/python3.12/site-packages/sympy/parsing/sympy_parser.py,PyLintPython3_W0123,,,
e472ea02-fe1c-4676-80ce-4e3c70e5df72,Critical,Detected the use of exec(). exec() can be dangerous if used to evaluate dynamic content.,runexusiam,Codacy,2026-03-08T11:00:04.290Z,,https://app.codacy.com/p/831814/issues/index?resultDataId=131451675827,1052,venv/lib/python3.12/site-packages/sympy/parsing/sympy_parser.py,Semgrep_python.lang.security.audit.exec-detected.exec-detected,,,
5e9b48b3-ea52-46cb-93da-ce8053499ae6,Critical,The application was found calling the `exec` function with a non-literal variable.,runexusiam,Codacy,2026-03-08T11:00:04.290Z,,https://app.codacy.com/p/831814/issues/index?resultDataId=131451675828,1052,venv/lib/python3.12/site-packages/sympy/parsing/sympy_parser.py,Semgrep_python_exec_rule-exec-used,,,
ee507fb2-bd77-4168-bfb5-f01fba75e129,Critical,Detected the use of eval(). eval() can be dangerous if used to evaluate dynamic content.,runexusiam,Codacy,2026-03-08T11:00:04.290Z,,https://app.codacy.com/p/831814/issues/index?resultDataId=131451675831,909,venv/lib/python3.12/site-packages/sympy/parsing/sympy_parser.py,Semgrep_python.lang.security.audit.eval-detected.eval-detected,,,
be688f36-7d4b-4217-b8cd-a56107144c1d,Critical,The application was found calling the `exec` function with a non-literal variable.,runexusiam,Codacy,2026-03-08T11:00:04.290Z,,https://app.codacy.com/p/831814/issues/index?resultDataId=131451641428,160,venv/lib/python3.12/site-packages/scipy/_lib/_bunch.py,Semgrep_python_exec_rule-exec-used,,,
a0567645-c1ab-44aa-b3f3-699f1f81fba1,Critical,Detected the use of exec(). exec() can be dangerous if used to evaluate dynamic content.,runexusiam,Codacy,2026-03-08T11:00:04.290Z,,https://app.codacy.com/p/831814/issues/index?resultDataId=131451641427,160,venv/lib/python3.12/site-packages/scipy/_lib/_bunch.py,Semgrep_python.lang.security.audit.exec-detected.exec-detected,,,
52c33f55-6d6f-4be2-bcac-57f2a6fc1e3d,Critical,Untrusted user input in `importlib.import_module()` function allows an attacker to load arbitrary code.,runexusiam,Codacy,2026-03-08T11:00:04.290Z,,https://app.codacy.com/p/831814/issues/index?resultDataId=131451641440,179,venv/lib/python3.12/site-packages/sympy/core/cache.py,Semgrep_python.lang.security.audit.non-literal-import.non-literal-import,,,
b833e805-3b67-4e1c-9c1e-c7954b4b354f,Critical,Detected subprocess function 'Popen' with user controlled data.,runexusiam,Codacy,2026-03-08T11:00:04.290Z,,https://app.codacy.com/p/831814/issues/index?resultDataId=131451617516,467,venv/lib/python3.12/site-packages/git/util.py,Semgrep_python.lang.security.audit.dangerous-subprocess-use-tainted-env-args.dangerous-subprocess-use-tainted-env-args,,,
aa5aa9bc-2827-45ea-95b8-336997c3a9c0,Critical,Detected subprocess function 'Popen' without a static string.,runexusiam,Codacy,2026-03-08T11:00:04.290Z,,https://app.codacy.com/p/831814/issues/index?resultDataId=131451617525,467,venv/lib/python3.12/site-packages/git/util.py,Semgrep_python.lang.security.audit.dangerous-subprocess-use-audit.dangerous-subprocess-use-audit,,,
8e35c24d-bcfe-4be0-a7f0-bc7cc6546bb7,Critical,Detected the use of eval(). eval() can be dangerous if used to evaluate dynamic content.,runexusiam,Codacy,2026-03-08T11:00:04.290Z,,https://app.codacy.com/p/831814/issues/index?resultDataId=131451641430,157,venv/lib/python3.12/site-packages/numpy/f2py/capi_maps.py,Semgrep_python.lang.security.audit.eval-detected.eval-detected,,,
57e3bab2-a2e2-4896-af59-7e14cae3db06,Critical,Detected the use of eval(). eval() can be dangerous if used to evaluate dynamic content.,runexusiam,Codacy,2026-03-08T11:00:04.290Z,,https://app.codacy.com/p/831814/issues/index?resultDataId=131451641429,451,venv/lib/python3.12/site-packages/numpy/f2py/capi_maps.py,Semgrep_python.lang.security.audit.eval-detected.eval-detected,,,
bbfeb071-4718-4fc0-8a95-9d7839c0b44d,Critical,The application was found calling the `eval` function with non-literal data.,runexusiam,Codacy,2026-03-08T11:00:04.290Z,,https://app.codacy.com/p/831814/issues/index?resultDataId=131451641425,295,venv/lib/python3.12/site-packages/numpy/f2py/capi_maps.py,Semgrep_python_eval_rule-eval,,,
6896b58d-649a-422a-904a-fff288b4f3ad,Critical,The application was found calling the `eval` function with non-literal data.,runexusiam,Codacy,2026-03-08T11:00:04.290Z,,https://app.codacy.com/p/831814/issues/index?resultDataId=131451641424,451,venv/lib/python3.12/site-packages/numpy/f2py/capi_maps.py,Semgrep_python_eval_rule-eval,,,
33296df2-a4b5-4931-a9aa-01d803a72fa0,Critical,Detected the use of eval(). eval() can be dangerous if used to evaluate dynamic content.,runexusiam,Codacy,2026-03-08T11:00:04.290Z,,https://app.codacy.com/p/831814/issues/index?resultDataId=131451641426,295,venv/lib/python3.12/site-packages/numpy/f2py/capi_maps.py,Semgrep_python.lang.security.audit.eval-detected.eval-detected,,,
32a22035-2020-419b-abf0-02725cb486cc,Critical,The application was found calling the `eval` function with non-literal data.,runexusiam,Codacy,2026-03-08T11:00:04.290Z,,https://app.codacy.com/p/831814/issues/index?resultDataId=131451641423,157,venv/lib/python3.12/site-packages/numpy/f2py/capi_maps.py,Semgrep_python_eval_rule-eval,,,
4d87ddc6-9667-4a5c-b8cf-7f27121865cd,Critical,Use of eval,runexusiam,Codacy,2026-03-08T11:00:04.290Z,,https://app.codacy.com/p/831814/issues/index?resultDataId=131451686861,3040,src/ethics-pyramid/venv/lib/python3.12/site-packages/numpy/f2py/crackfortran.py,PyLintPython3_W0123,,,
9233a8c2-b6e9-46f7-b31d-c6cb75939d6e,Critical,Detected a Jinja2 environment without autoescaping.,runexusiam,Codacy,2026-03-08T11:00:04.290Z,,https://app.codacy.com/p/831814/issues/index?resultDataId=131451583576,73,venv/lib/python3.12/site-packages/pandas/io/formats/style_render.py,Semgrep_python.jinja2.security.audit.missing-autoescape-disabled.missing-autoescape-disabled,,,
29324932-c95e-4fa2-8241-69df59d779d8,Critical,Use of eval,runexusiam,Codacy,2026-03-08T11:00:04.290Z,,https://app.codacy.com/p/831814/issues/index?resultDataId=131451686882,2291,src/ethics-pyramid/venv/lib/python3.12/site-packages/numpy/f2py/crackfortran.py,PyLintPython3_W0123,,,
d7a54f1e-9922-4c87-9bca-3205c49b5c87,Critical,Detected the use of eval(). eval() can be dangerous if used to evaluate dynamic content.,runexusiam,Codacy,2026-03-08T11:00:04.290Z,,https://app.codacy.com/p/831814/issues/index?resultDataId=131451602177,3009,src/ethics-pyramid/venv/lib/python3.12/site-packages/numpy/f2py/crackfortran.py,Semgrep_python.lang.security.audit.eval-detected.eval-detected,,,
6c84e02e-3b94-4da3-a710-c7e2a5825ef3,Critical,Use of eval,runexusiam,Codacy,2026-03-08T11:00:04.290Z,,https://app.codacy.com/p/831814/issues/index?resultDataId=131451686854,1322,src/ethics-pyramid/venv/lib/python3.12/site-packages/numpy/f2py/crackfortran.py,PyLintPython3_W0123,,,
7e853b44-205b-4c6e-b85a-28dcf9af80de,Critical,Use of eval,runexusiam,Codacy,2026-03-08T11:00:04.290Z,,https://app.codacy.com/p/831814/issues/index?resultDataId=131451686863,2938,src/ethics-pyramid/venv/lib/python3.12/site-packages/numpy/f2py/crackfortran.py,PyLintPython3_W0123,,,
50a82c5e-fb65-4ed1-8d15-cd313d62b261,Critical,Detected the use of eval(). eval() can be dangerous if used to evaluate dynamic content.,runexusiam,Codacy,2026-03-08T11:00:04.290Z,,https://app.codacy.com/p/831814/issues/index?resultDataId=131451602180,1322,src/ethics-pyramid/venv/lib/python3.12/site-packages/numpy/f2py/crackfortran.py,Semgrep_python.lang.security.audit.eval-detected.eval-detected,,,
796f729d-e717-4fdb-a9c3-6380287e685c,Critical,Use of eval,runexusiam,Codacy,2026-03-08T11:00:04.290Z,,https://app.codacy.com/p/831814/issues/index?resultDataId=131451686868,2583,src/ethics-pyramid/venv/lib/python3.12/site-packages/numpy/f2py/crackfortran.py,PyLintPython3_W0123,,,
1db3be10-5009-470d-9033-7e26b01be447,Critical,The application was found calling the `eval` function with non-literal data.,runexusiam,Codacy,2026-03-08T11:00:04.290Z,,https://app.codacy.com/p/831814/issues/index?resultDataId=131451602196,2291,src/ethics-pyramid/venv/lib/python3.12/site-packages/numpy/f2py/crackfortran.py,Semgrep_python_eval_rule-eval,,,
55d5c811-dc9a-46cb-8cbc-735633f92869,Critical,Detected the use of eval(). eval() can be dangerous if used to evaluate dynamic content.,runexusiam,Codacy,2026-03-08T11:00:04.290Z,,https://app.codacy.com/p/831814/issues/index?resultDataId=131451602191,2583,src/ethics-pyramid/venv/lib/python3.12/site-packages/numpy/f2py/crackfortran.py,Semgrep_python.lang.security.audit.eval-detected.eval-detected,,,
4ea6aacc-9fe0-4108-a55c-e927583500c8,Critical,The application was found calling the `eval` function with non-literal data.,runexusiam,Codacy,2026-03-08T11:00:04.290Z,,https://app.codacy.com/p/831814/issues/index?resultDataId=131451602179,2938,src/ethics-pyramid/venv/lib/python3.12/site-packages/numpy/f2py/crackfortran.py,Semgrep_python_eval_rule-eval,,,
09e0fbb8-ff7d-4ccf-a7d9-c9c338f74d5d,Critical,Use of eval,runexusiam,Codacy,2026-03-08T11:00:04.290Z,,https://app.codacy.com/p/831814/issues/index?resultDataId=131451686881,3009,src/ethics-pyramid/venv/lib/python3.12/site-packages/numpy/f2py/crackfortran.py,PyLintPython3_W0123,,,
02af17cb-d0ad-491c-8d1f-8c1e9b388fe0,Critical,Use of eval,runexusiam,Codacy,2026-03-08T11:00:04.290Z,,https://app.codacy.com/p/831814/issues/index?resultDataId=131451686877,2661,src/ethics-pyramid/venv/lib/python3.12/site-packages/numpy/f2py/crackfortran.py,PyLintPython3_W0123,,,
5cf201bf-595e-4f13-b1d4-bab42d907bd7,Critical,The application was found calling the `eval` function with non-literal data.,runexusiam,Codacy,2026-03-08T11:00:04.290Z,,https://app.codacy.com/p/831814/issues/index?resultDataId=131451602198,3009,src/ethics-pyramid/venv/lib/python3.12/site-packages/numpy/f2py/crackfortran.py,Semgrep_python_eval_rule-eval,,,
c6c7add8-f12d-4603-9bf0-cb363b04b4ea,Critical,Use of eval,runexusiam,Codacy,2026-03-08T11:00:04.290Z,,https://app.codacy.com/p/831814/issues/index?resultDataId=131451686844,3498,src/ethics-pyramid/venv/lib/python3.12/site-packages/numpy/f2py/crackfortran.py,PyLintPython3_W0123,,,
9f3e282c-3fac-4bf8-a78a-c65d71e35851,Critical,Found non static data as an index to 'globals()'. This is extremely dangerous because it allows an attacker to execute arbitrary code on the system.,runexusiam,Codacy,2026-03-08T11:00:04.290Z,,https://app.codacy.com/p/831814/issues/index?resultDataId=131451602192,3372,src/ethics-pyramid/venv/lib/python3.12/site-packages/numpy/f2py/crackfortran.py,Semgrep_python.lang.security.dangerous-globals-use.dangerous-globals-use,,,
4bbbbe2d-2bfe-4f0d-a5eb-d6c56f1caf87,Critical,The application was found calling the `eval` function with non-literal data.,runexusiam,Codacy,2026-03-08T11:00:04.290Z,,https://app.codacy.com/p/831814/issues/index?resultDataId=131451602184,2583,src/ethics-pyramid/venv/lib/python3.12/site-packages/numpy/f2py/crackfortran.py,Semgrep_python_eval_rule-eval,,,
ba06c733-be4a-4101-bfab-c72b6af9bfd8,Critical,The application was found calling the `eval` function with non-literal data.,runexusiam,Codacy,2026-03-08T11:00:04.290Z,,https://app.codacy.com/p/831814/issues/index?resultDataId=131451602176,2661,src/ethics-pyramid/venv/lib/python3.12/site-packages/numpy/f2py/crackfortran.py,Semgrep_python_eval_rule-eval,,,
8bfa2aa1-dd5d-4b34-a2c2-57a301d62228,Critical,The application was found calling the `eval` function with non-literal data.,runexusiam,Codacy,2026-03-08T11:00:04.290Z,,https://app.codacy.com/p/831814/issues/index?resultDataId=131451602174,1322,src/ethics-pyramid/venv/lib/python3.12/site-packages/numpy/f2py/crackfortran.py,Semgrep_python_eval_rule-eval,,,
48821422-17c4-4057-9388-7f14e66aeb55,Critical,Detected the use of eval(). eval() can be dangerous if used to evaluate dynamic content.,runexusiam,Codacy,2026-03-08T11:00:04.290Z,,https://app.codacy.com/p/831814/issues/index?resultDataId=131451602189,3040,src/ethics-pyramid/venv/lib/python3.12/site-packages/numpy/f2py/crackfortran.py,Semgrep_python.lang.security.audit.eval-detected.eval-detected,,,
1ce0e839-be63-40b1-9359-37caf91afddc,Critical,Detected the use of eval(). eval() can be dangerous if used to evaluate dynamic content.,runexusiam,Codacy,2026-03-08T11:00:04.290Z,,https://app.codacy.com/p/831814/issues/index?resultDataId=131451602194,2938,src/ethics-pyramid/venv/lib/python3.12/site-packages/numpy/f2py/crackfortran.py,Semgrep_python.lang.security.audit.eval-detected.eval-detected,,,
42bff4ab-bb74-4149-b22b-bee331b7623c,Critical,Detected the use of eval(). eval() can be dangerous if used to evaluate dynamic content.,runexusiam,Codacy,2026-03-08T11:00:04.290Z,,https://app.codacy.com/p/831814/issues/index?resultDataId=131451602187,2661,src/ethics-pyramid/venv/lib/python3.12/site-packages/numpy/f2py/crackfortran.py,Semgrep_python.lang.security.audit.eval-detected.eval-detected,,,
f7756f3a-1be2-423e-9b1e-ce2c8c827f59,Critical,Detected the use of eval(). eval() can be dangerous if used to evaluate dynamic content.,runexusiam,Codacy,2026-03-08T11:00:04.290Z,,https://app.codacy.com/p/831814/issues/index?resultDataId=131451602188,3498,src/ethics-pyramid/venv/lib/python3.12/site-packages/numpy/f2py/crackfortran.py,Semgrep_python.lang.security.audit.eval-detected.eval-detected,,,
566d637e-a5e3-4f0e-afe6-7e2ebbaddd2c,Critical,The application was found calling the `eval` function with non-literal data.,runexusiam,Codacy,2026-03-08T11:00:04.290Z,,https://app.codacy.com/p/831814/issues/index?resultDataId=131451602175,3040,src/ethics-pyramid/venv/lib/python3.12/site-packages/numpy/f2py/crackfortran.py,Semgrep_python_eval_rule-eval,,,
49861998-7452-434e-b0eb-dde441bfac60,Critical,Detected the use of eval(). eval() can be dangerous if used to evaluate dynamic content.,runexusiam,Codacy,2026-03-08T11:00:04.290Z,,https://app.codacy.com/p/831814/issues/index?resultDataId=131451602186,2291,src/ethics-pyramid/venv/lib/python3.12/site-packages/numpy/f2py/crackfortran.py,Semgrep_python.lang.security.audit.eval-detected.eval-detected,,,
dbf036b9-3dc7-4945-8da2-110daffdb0cc,Critical,The application was found calling the `eval` function with non-literal data.,runexusiam,Codacy,2026-03-08T11:00:04.290Z,,https://app.codacy.com/p/831814/issues/index?resultDataId=131451602190,3498,src/ethics-pyramid/venv/lib/python3.12/site-packages/numpy/f2py/crackfortran.py,Semgrep_python_eval_rule-eval,,,
c3452935-fd13-46bb-89b7-557f8a2f79fa,Critical,Detected the use of exec(). exec() can be dangerous if used to evaluate dynamic content.,runexusiam,Codacy,2026-03-08T11:00:04.290Z,,https://app.codacy.com/p/831814/issues/index?resultDataId=131451689384,6,venv/lib/python3.12/site-packages/scipy/_lib/array_api_compat/cupy/linalg.py,Semgrep_python.lang.security.audit.exec-detected.exec-detected,,,
2460ae64-64dd-4091-b944-8f8de0b89ba9,Critical,The application was found calling the `exec` function with a non-literal variable.,runexusiam,Codacy,2026-03-08T11:00:04.290Z,,https://app.codacy.com/p/831814/issues/index?resultDataId=131451689369,6,venv/lib/python3.12/site-packages/scipy/_lib/array_api_compat/cupy/linalg.py,Semgrep_python_exec_rule-exec-used,,,
498f1fcf-a539-4f77-b980-f8c74ff4e837,Critical,The application was found using an insecure or risky digest or signature algorithm.,now,Codacy,2026-03-25T10:34:52.617Z,,https://app.codacy.com/p/831813/issues/index?resultDataId=131451573132,44,gravity_core/scripts/redundancy_entity_analyzer.py,Semgrep_python_crypto_rule-hash-md5,,,
ad9e17ca-cdb0-4f8f-bcad-a855dce41c18,Critical,The Python documentation recommends using `defusedxml` instead of `xml` because the native Python `xml` library is vulnerable to XML External Entity (XXE) attacks.,mandelbrot,Codacy,2026-03-08T10:29:43.970Z,,https://app.codacy.com/p/831812/issues/index?resultDataId=131451574225,8,.bit/scripts/framework_extractor/parser.py,Semgrep_python.lang.security.use-defused-xml.use-defused-xml,,,
e6112b0d-2bd0-4f10-a590-aff39b3cc113,Critical,Detected subprocess function 'run' without a static string.,knowledge-work-plugins,Codacy,2026-04-11T04:27:18.992Z,,https://app.codacy.com/p/856837/issues/index?resultDataId=131469795759,346,bio-research/skills/nextflow-development/scripts/manage_genomes.py,Semgrep_python.lang.security.audit.dangerous-subprocess-use-audit.dangerous-subprocess-use-audit,,,
0fb40fa5-e34d-4745-915b-864bbf044881,Critical,Detected subprocess function 'run' with user controlled data.,knowledge-work-plugins,Codacy,2026-04-11T04:27:18.992Z,,https://app.codacy.com/p/856837/issues/index?resultDataId=131469795760,346,bio-research/skills/nextflow-development/scripts/manage_genomes.py,Semgrep_python.lang.security.audit.dangerous-subprocess-use-tainted-env-args.dangerous-subprocess-use-tainted-env-args,,,
a8e4671b-7273-45c8-94e6-907ce971c98f,Critical,Detected subprocess function 'run' without a static string.,now,Codacy,2026-05-26T09:49:49.263Z,,https://app.codacy.com/p/831813/issues/index?resultDataId=131487461394,34,tools/terminus/status.py,Semgrep_python.lang.security.audit.dangerous-subprocess-use-audit.dangerous-subprocess-use-audit,,,
cf39d3a6-7191-4ced-b21a-a8c046a3ab57,Critical,Detected subprocess function 'run' without a static string.,now,Codacy,2026-05-26T09:49:49.263Z,,https://app.codacy.com/p/831813/issues/index?resultDataId=131487461395,29,tools/terminus/ka.py,Semgrep_python.lang.security.audit.dangerous-subprocess-use-audit.dangerous-subprocess-use-audit,,,
14a75e90-3245-4e27-9f70-e30be44fc049,Critical,Detected subprocess function 'run' without a static string.,now,Codacy,2026-05-26T09:49:49.263Z,,https://app.codacy.com/p/831813/issues/index?resultDataId=131451573133,92,simplex/incubator/organized_tools/slimetest_launcher_ui.py,Semgrep_python.lang.security.audit.dangerous-subprocess-use-audit.dangerous-subprocess-use-audit,,,
a3d2e9e7-503b-4b31-a89e-a5f2e9733f82,Critical,Detected subprocess function 'run' without a static string.,now,Codacy,2026-05-26T09:49:49.263Z,,https://app.codacy.com/p/831813/issues/index?resultDataId=131487466678,153,simplex/incubator/organized_tools/slimetest_launcher_ui.py,Semgrep_python.lang.security.audit.dangerous-subprocess-use-audit.dangerous-subprocess-use-audit,,,
